Date,XOM,RDS.A,CVX,TOT,BP,PTR,SNP,SLB,EPD,E,COP,EQNR,EOG,PBR,CEO,SU,OXY,HAL
6/18/2001 16:00:00,44.61,60.5,48.35,36.9,53.05,20.5,13.94,28.53,10.13,25.65,23.23,7.47,10.18,6.56,18.75,13.85,14.09,21.45
6/19/2001 16:00:00,44.38,60.6,47.86,36.5,52.75,20.55,14.19,28.68,10.03,25.32,22.97,7.62,10,6.51,18.6,13.75,13.79,21.25
6/20/2001 16:00:00,44.38,59.98,47.5,36.28,52.65,21.3,14.36,28.45,9.85,25.08,23.01,7.64,10,6.56,19.7,13.58,14.03,21.03
6/21/2001 16:00:00,43.85,60.1,47.24,36.08,52.61,21.22,14.62,27.7,9.98,25,22.78,7.57,9.84,6.77,19.65,13.2,13.75,20.83
6/22/2001 16:00:00,44.25,60.02,47.05,35.94,51.75,21.05,15.37,26.8,9.98,25.26,22.16,7.51,9.28,6.9,19.5,13.05,13.55,19.63
6/25/2001 16:00:00,44.01,60.56,47.48,37,52.75,21.15,15.88,27.23,9.94,25.84,22.34,7.5,9.35,6.84,19.17,12.95,13.51,19.85
6/26/2001 16:00:00,44.2,60.09,47.35,36.5,52.65,21.15,15.35,26.95,9.95,25.86,21.97,7.5,9.38,6.81,19.45,12.75,13.31,19.8
6/27/2001 16:00:00,44.03,58.54,46.93,36.33,52.45,21.58,15.31,27.13,10.03,25.84,21.8,7.44,9.37,6.75,19.22,12.71,13.29,20.26
6/28/2001 16:00:00,43.18,56.57,45.5,34.38,50.15,20.8,14.77,26.41,10.11,24.42,21.31,7.12,9.2,6.55,19.2,12.35,13.05,19.33
6/29/2001 16:00:00,43.41,58.27,44.74,34.35,49.2,21.01,15.23,26.53,9.9,24.4,21.27,7.37,8.98,6.49,18.95,12.43,12.84,18.02
7/2/2001 16:00:00,44.13,58.2,45.25,34.4,48.85,20.8,15.25,26.65,9.9,24.5,21.79,7.2,9.01,6.45,18.91,12.85,12.87,17.63
7/3/2001 16:00:00,43.83,56.99,45.16,33.83,48.45,20.75,15.31,26.48,9.98,23.84,21.82,7.2,8.72,6.38,19.01,12.6,12.72,17.3
7/5/2001 16:00:00,43.75,57.4,45.2,34.23,49.2,20.55,14.65,26.76,9.95,24.34,21.84,7.08,8.85,6.15,18.9,13.15,12.6,17.02
7/6/2001 16:00:00,43.8,56.62,45.98,34.17,48.7,20.45,14.69,27.25,10.09,24.28,22.01,7.27,9.12,5.78,18.4,13.01,12.95,17.13
7/9/2001 16:00:00,43.53,56.79,45.5,34.55,48.75,20.56,14.62,26.68,10.2,24.33,21.92,7.05,9.15,5.99,18.8,12.9,12.9,16.75
7/10/2001 16:00:00,43.25,55.94,45,34.5,48.35,20.75,14.69,25.98,10.23,24.16,21.65,6.86,8.93,6,18.95,12.9,12.84,16.2
7/11/2001 16:00:00,42.75,55.82,44.5,34.13,47.9,20.55,14.58,25.33,10.31,24.2,21.57,6.79,8.56,5.8,19,12.58,12.82,16.52
7/12/2001 16:00:00,42.08,56.17,44,33.78,47.65,20.6,14.73,25.35,10.14,23.76,21.25,6.8,8.46,6,19.75,12.75,12.81,16.58
7/13/2001 16:00:00,42.73,56.26,44.53,33.98,48.15,20.25,14.62,24.55,10.06,23.57,21.15,6.79,8.28,5.81,19.6,12.85,12.91,15.89
7/16/2001 16:00:00,43.08,55.77,44.75,34.23,47.97,19.9,14.01,25.23,10,23.66,21.18,6.86,8.37,5.85,19.25,12.92,12.98,16.08
7/17/2001 16:00:00,43.11,55.8,43.85,33.81,47.75,19.5,13.35,24.68,10,23.34,20.96,6.55,7.88,5.56,18.9,12.93,12.78,15.55
7/18/2001 16:00:00,42.25,54.57,43.03,33.1,46.8,19.5,13.27,24.15,10.07,22.4,20.41,6.58,7.96,5.7,18.65,13.1,12.65,15.01
7/19/2001 16:00:00,43.2,55.3,43.63,33.33,46.5,19.5,12.91,25,10.06,22.85,20.58,6.87,7.85,5.4,18.5,13,12.6,15.7
7/20/2001 16:00:00,43.15,56.48,43.65,34.15,47.81,19.4,12.92,25.75,10.21,23.5,20.75,6.9,7.91,5.5,18.65,12.9,12.49,16.1
7/23/2001 16:00:00,43.5,55.6,44.55,34.61,48.35,19.52,12.98,27.05,10.25,23.87,21.08,7.05,8.13,5.78,19.7,13.12,12.6,16.95
7/24/2001 16:00:00,42.48,54.4,43.45,33.95,47.45,20.1,13.46,27,10.3,23.78,21.02,6.99,8.03,5.93,20.1,12.9,12.64,16.95
7/25/2001 16:00:00,41.4,56.56,43.23,33.48,47.62,20.39,13.62,27.13,10.23,24.1,20.3,7.05,7.86,5.8,19.78,12.9,12.43,16.5
7/26/2001 16:00:00,41.3,57.63,44.59,34.45,48.45,20.45,13.5,28.14,10.25,24.4,21.33,6.95,8.5,5.82,20.55,13.7,12.91,17.5
7/27/2001 16:00:00,42.55,57.88,45.23,35.01,48.73,20.74,13.44,27.4,10.19,24.12,21.51,7.2,8.75,5.9,20.25,13.3,13.18,17.76
7/30/2001 16:00:00,42.4,57.54,45.7,35.3,49.05,20.6,13.38,28.05,10.41,24.36,21.84,7.05,8.95,6.03,20.95,13.55,13.43,18.05
7/31/2001 16:00:00,42.2,58,45.8,35.45,49.65,20.37,13.19,28,10.63,24.32,21.92,7.05,9.13,6,20.55,13.56,13.31,18.35
8/1/2001 16:00:00,42.45,58.23,45.78,36.05,50.15,20.56,13.32,27.25,10.73,24.72,22.05,7.2,8.93,5.9,20.77,13.65,13.39,17.95
8/2/2001 16:00:00,41.52,57.2,45.69,35.75,49.2,20.8,13.3,26.35,10.91,24.19,21.82,7.3,8.69,5.81,20.8,13.76,13.22,17.55
8/3/2001 16:00:00,41.9,55.49,45.4,35.33,48.8,20.65,13.08,26.5,10.93,24.15,22.1,7.05,8.75,5.8,20.45,13.88,13.22,17.75
8/6/2001 16:00:00,41.26,55.49,45.23,34.78,48.85,19.95,12.38,26.18,10.78,24.3,21.61,7.07,8.57,5.85,20.08,13.85,13.11,17.59
8/7/2001 16:00:00,41,55.46,45.32,34.99,49.68,20.07,12.38,26.23,10.6,24.58,21.61,6.9,8.5,5.93,19.85,13.8,13.1,17.73
8/8/2001 16:00:00,41.75,54.41,45.7,35.2,50.85,19.59,12.22,25.95,10.7,24.62,22.03,6.97,8.44,5.85,19.7,13.73,13.15,17.68
8/9/2001 16:00:00,40.8,54.5,44.98,35,50.46,19.8,12.23,24.33,10.69,25.16,21.65,6.9,8.04,5.88,20,13.5,12.84,16.75
8/10/2001 16:00:00,41.3,55.1,45.63,35.3,50.8,20.1,12.02,24.65,10.81,25.36,21.78,6.98,8.06,5.75,20,13.45,12.91,16.3
8/13/2001 16:00:00,41.4,55.39,46.2,36.03,51.42,19.6,12.31,25.01,10.99,25.72,22.18,6.91,8,5.82,20.05,13.66,13.24,15.88
8/14/2001 16:00:00,41.46,56.2,45.85,36.55,51.72,20.2,12.62,24.8,11.25,25.8,21.96,6.85,8.38,5.69,20.27,13.59,13.2,15.4
8/15/2001 16:00:00,41.5,56.26,46.23,37.45,52.6,20.5,12.96,25.43,11.61,25.56,22.3,6.97,8.32,5.71,20.35,13.52,13.29,15.4
8/16/2001 16:00:00,41.35,57.25,46.52,37.38,52.63,20.25,12.69,26.65,11.58,26.28,22.49,6.97,9.04,5.83,20.05,13.55,13.66,16.5
8/17/2001 16:00:00,41.29,56.34,46.43,36.53,51.8,20.05,12.66,26.18,11.58,26.04,22.28,7,9,5.69,20.05,13.85,13.51,16
8/20/2001 16:00:00,40.42,56.25,46.03,36.45,51.55,20,12.35,26.07,11.84,25.68,22.11,6.95,8.81,5.33,20.3,13.55,13.46,15.9
8/21/2001 16:00:00,40.85,56.14,45.99,36.6,51.65,20.3,12.31,25.95,12.03,25.7,22.09,7.03,8.63,5.39,20.08,13.45,13.45,16.02
8/22/2001 16:00:00,40.85,56.95,45.58,37.64,52.6,20.6,12.29,26.43,11.44,26.53,22.3,6.99,8.61,5.36,20.01,13.45,13.49,16.25
8/23/2001 16:00:00,40.51,57.5,45.98,36.98,52.05,20.3,11.65,25.96,11.87,26.28,22.07,6.7,8.48,5.46,19.6,13.63,13.22,15.85
8/24/2001 16:00:00,41.14,58.59,46.14,37.2,52.3,20.25,11.82,25.33,11.69,26.68,22.53,6.8,8.26,5.44,19.05,13.68,13.34,15.49
8/27/2001 16:00:00,41.7,58.02,46.55,37.5,52.5,20.06,11.9,25.65,11.6,26.62,22.64,6.85,8.19,5.68,19.06,13.69,13.51,15.67
8/28/2001 16:00:00,41.1,57.11,46.05,37.01,51.8,19.95,11.44,25.6,11.13,26.64,22.49,6.87,8.07,5.74,18.93,13.75,13.43,15.85
8/29/2001 16:00:00,40.97,57.56,45.81,36.8,51.55,19.6,11.31,25.75,11.33,26.85,22.49,6.97,8.12,5.65,19.71,13.6,13.54,15.33
8/30/2001 16:00:00,40.79,57.2,45.88,36.64,51,19.35,11.37,25.25,11.4,26.96,22.43,6.95,8.1,5.73,19.41,13.68,13.39,14.98
8/31/2001 16:00:00,40.47,56.63,45.3,36.73,50.95,20.45,11.23,24.33,11.18,27.04,22.18,6.86,7.9,5.65,19.8,13.55,13.22,13.99
9/4/2001 16:00:00,40.6,56.19,45.55,36.13,50.55,20.51,10.77,24.58,11.63,26.24,22.11,6.8,8.13,5.61,20,13.98,13.23,14
9/5/2001 16:00:00,40.85,56.27,45.8,36.38,51.3,21,10.94,25.09,11.69,26.49,22.45,6.81,8.06,5.76,20.22,13.98,13.54,14.43
9/6/2001 16:00:00,41.22,55.4,45.65,35.95,50.7,21.2,11.15,25.13,11.5,26.02,22.56,6.75,7.95,5.85,19.97,14.19,13.67,14.35
9/7/2001 16:00:00,40.48,54.55,45.88,36.3,50.35,20.55,11.15,25.05,11.51,26.16,22.64,6.88,8.07,5.6,19.4,14.38,13.74,14.5
9/10/2001 16:00:00,40.7,53.87,46.2,35.4,49.25,20.35,10.79,25.23,11.63,25.8,22.59,6.8,8.08,5.56,19.75,14.5,13.55,14.14
9/17/2001 16:00:00,41.24,52.1,46.25,34.5,48.8,19.95,10.12,25.33,11.38,24.76,22.32,6.85,8.2,5,20.25,15,12.96,14.7
9/18/2001 16:00:00,40.15,50.68,45.05,34.75,49.25,20.15,10.15,23.8,11.53,24.51,21.99,7,7.34,5.3,21.1,15,13,13.33
9/19/2001 16:00:00,39.48,48.05,43.88,34.15,48.45,20.1,10.2,23.4,11.75,23.76,21.23,6.92,7.25,5.45,21.05,14.5,12.31,12.35
9/20/2001 16:00:00,37.45,44.81,42.13,32,45.75,19.9,10.12,21.4,10.69,22.76,19.99,6.82,6.99,5.21,20.9,13.75,11.69,10.85
9/21/2001 16:00:00,35.5,44,41.85,29.13,43.1,18.75,9.96,22.51,10.5,20.6,20.11,6.65,6.69,4.69,20,13.97,10.75,10.79
9/24/2001 16:00:00,36,44.75,42.01,30.5,44.8,19.7,11,23.43,10.81,21.44,20.24,6.45,7.48,4.75,20.6,14.01,11.23,11.4
9/25/2001 16:00:00,35.61,46.1,40.5,30.33,44.5,19,10.96,22.35,11.25,21.44,19.82,6.16,6.75,4.74,19.73,13.48,10.89,10.65
9/26/2001 16:00:00,36.75,46.38,40.05,32.45,46.3,18.48,10.38,21,11.55,22.2,19.55,6.3,6.75,4.63,19.5,13.2,10.68,10.25
9/27/2001 16:00:00,36.7,48.74,39.58,32.58,46.85,18.4,10.46,21,11.5,23.1,19.21,6.3,6.45,4.54,19.74,12.98,10.89,9.88
9/28/2001 16:00:00,39.5,50.25,41.63,33.31,48.35,19.2,10.65,21.99,11.44,24.62,20.01,6.4,7.04,4.88,20,13.95,11.34,10.55
10/1/2001 16:00:00,39.25,49.32,41.93,33.23,47.5,19.18,10.85,22.6,11.64,24.1,20.56,6.42,7.15,4.86,19.99,14,11.68,11.13
10/2/2001 16:00:00,39.08,50.99,41.3,33.3,47.45,19.06,10.69,22,11.71,24.1,20.03,6.25,6.98,4.69,19.9,13.18,11.66,10.8
10/3/2001 16:00:00,39.6,50.48,42.76,33.13,47.65,19,11.02,21.63,12.04,24.28,20.56,6.22,7.05,4.64,20,14.25,11.56,10.5
10/4/2001 16:00:00,39.7,51.74,42.71,34.05,49.6,19.1,11,22.23,12.56,25.04,20.51,6.45,7.44,4.72,19.49,14.39,11.71,11.23
10/5/2001 16:00:00,41.15,51.89,43.9,34.88,50.05,19.1,10.96,22.83,12.5,24.66,20.79,6.33,7.88,4.75,19.2,14.42,11.9,12.06
10/8/2001 16:00:00,40.39,51.19,44.1,34.24,49.3,18.75,10.81,22.66,12.83,24.36,20.72,6.25,7.86,4.68,19.72,14.7,12.14,11.69
10/9/2001 16:00:00,41.2,51.24,44.88,35,50.35,18.95,11,22.95,12.56,25.44,21.08,6.25,8,4.7,20.4,14.83,12.3,12.1
10/10/2001 16:00:00,41.06,53.75,45.45,35.53,50.65,18.85,10.92,23.03,12.56,25.48,21.33,6.37,8.05,4.72,20.25,14.84,12.36,12.28
10/11/2001 16:00:00,42.28,53.49,46.6,36.3,51.6,19.06,10.97,23.92,12.85,26.2,21.88,6.62,8.5,4.96,20.55,15.3,12.59,12.98
10/12/2001 16:00:00,42.09,54.1,46.22,35.73,50.95,18.5,10.85,23.23,12.65,26.36,21.71,6.65,8.5,5.06,20.6,15.3,12.6,12.75
10/15/2001 16:00:00,41.95,52.9,45.25,35.9,50.6,18.54,10.8,23.25,12.49,26.1,21.82,6.69,8.5,5.15,20.15,15.38,12.5,12.67
10/16/2001 16:00:00,41.66,53.09,44.22,35.72,50.49,18.47,10.58,22.97,12.55,25.9,21.38,6.55,8.25,5.13,19.75,15.1,12.18,12.25
10/17/2001 16:00:00,41.44,53.05,44.85,35.61,51.55,18.67,10.46,24.25,12.91,26.2,21.92,6.52,8.65,5.19,19.6,15.2,12.5,12.63
10/18/2001 16:00:00,40.8,51.12,44.08,34.95,49.5,18.2,10.38,23.26,12.99,25.52,21.57,6.4,8.3,5.08,19.65,14.96,12.37,12.25
10/19/2001 16:00:00,40.29,50.58,42.78,33.4,46.8,17.85,10.38,23.45,12.63,24,20.88,6.27,8.13,4.85,19.5,14.52,11.82,11.53
10/22/2001 16:00:00,40.49,50.62,43.45,33.8,47.58,17.65,10.5,23.77,12.63,24.26,21.15,6.3,8.38,5,19,14.25,12.02,12.4
10/23/2001 16:00:00,40.49,51.42,44.28,34.45,48.32,18.5,11.15,23.77,12.63,24.56,21.15,6.29,8.41,5.01,19.75,14.66,12.26,12.48
10/24/2001 16:00:00,40.5,51.68,43.42,34.3,47.9,18,11.35,24,12.65,25.3,21.25,6.34,8.57,5.05,19.73,14.96,12.04,12.03
10/25/2001 16:00:00,39.3,51.3,42.67,34.2,46.55,18.35,11.58,23.4,12.35,25.04,21.05,6.27,8.72,4.92,19.82,14.98,12,12.43
10/26/2001 16:00:00,40.4,52.35,43.95,34.98,47.9,18.07,11.12,25.25,12.29,25.3,21.57,6.2,9.03,5.01,19.8,15.09,12.24,14
10/29/2001 16:00:00,40.63,52.1,44.6,35.88,49.5,18.12,11.31,26.59,12.06,25.92,21.94,6.65,9.85,5,19.65,15.45,12.44,14.1
10/30/2001 16:00:00,39.75,50.33,44.51,35.35,48.3,18.6,11.68,25.38,12.05,25.44,21.76,6.82,9.28,4.84,19.9,15.43,12.45,13.63
10/31/2001 16:00:00,39.46,50.51,44.4,35.38,48.75,18.7,11.92,24.77,11.6,25.22,21.21,7,8.85,4.94,19.75,15.05,12.18,13.15
11/1/2001 16:00:00,39.45,51.86,44.28,34.83,48.6,18.72,11.95,23.93,11.73,25.02,20.79,6.85,8.78,5,19.75,15.28,12.09,12.43
11/2/2001 16:00:00,39.8,50.89,44.58,34.88,48.4,18.45,11.88,24.2,11.91,24.72,20.93,6.75,8.94,5.03,19.95,15.03,12.33,12.18
11/5/2001 16:00:00,40,51.2,43.97,34.85,48.77,18.3,11.65,24,11.99,24.82,20.72,6.75,8.53,5.18,19.75,15.19,12.12,11.85
11/6/2001 16:00:00,38.85,50.45,43.35,34.23,47.59,18.3,11.65,23.47,11.91,24.44,20.62,6.77,8.32,5.09,19.5,14.61,12.05,11.18
11/7/2001 16:00:00,39,50.66,43.4,33.85,47.93,18,11.55,22.65,11.55,24.06,20.72,6.73,8.38,5.01,19.15,14.59,12.03,11.03
11/8/2001 16:00:00,39.28,51.2,43.88,34.7,48.25,18.15,11.55,24.2,11.45,24.5,21.21,6.86,8.88,5.25,19.35,14.41,12.25,11.35
11/9/2001 16:00:00,39.9,52.35,44.38,34.72,49.15,18.24,11.59,24.53,11.89,24.84,21.42,6.86,9.05,5.34,19.35,14.7,12.24,11.75
11/12/2001 16:00:00,39.4,51.05,44.45,34,48.75,18.45,11.78,23.9,12.15,24.2,21.27,7,9.1,5.46,19.55,14.83,12.28,11.23
11/13/2001 16:00:00,40.02,52.24,44.83,34.25,48.85,18.33,11.68,24.81,12.47,24.68,21.42,7.02,9.03,5.3,19.85,14.75,12.4,11.63
11/14/2001 16:00:00,39.9,49.05,44.22,33.63,47,18.28,11.73,23.85,12.53,24.3,20.77,7.1,8.75,5.2,19.95,15.08,12.64,11.23
11/15/2001 16:00:00,38.1,47.5,42.38,30.9,42.75,17.75,11.35,22.08,11.91,22.6,20.11,6.65,8.25,5.03,18.8,14.25,11.68,10.63
11/16/2001 16:00:00,37.31,48.94,41.9,31.38,43.45,16.6,10.92,22,11.33,22.59,19.72,6.5,7.95,4.78,18,13.25,11.4,10.06
11/19/2001 16:00:00,37.4,48.6,41.72,31.38,43.5,16.8,11.05,22.1,11.64,22.95,20.93,6.55,8.13,4.91,18.3,13.79,11.63,10.15
11/20/2001 16:00:00,37.97,49.88,42.25,32.33,45,17.02,10.98,23.45,11.62,23.12,20.58,6.45,8.35,4.9,18.4,14.03,11.68,10.5
11/21/2001 16:00:00,38.3,49.2,43.75,32.33,45.35,17.08,11.17,23.93,11.8,23.46,20.96,6.41,8.6,4.95,18.5,14.6,11.97,10.88
11/23/2001 16:00:00,37.75,49.9,42.3,32.22,43.85,17.3,11.39,23.23,11.84,23.5,20.49,6.3,8.48,5.13,18.6,14.33,11.72,10.5
11/26/2001 16:00:00,38.05,48.94,42.58,31.9,43.65,16.95,11.47,23.41,11.91,23.24,20.81,6.15,8.66,5.15,19,14.25,11.95,10.73
11/27/2001 16:00:00,37.52,48.4,42.35,31.45,43.55,16.9,11.35,23.15,12.18,22.7,20.58,6.28,8.53,5.24,18.81,14.38,11.78,10.55
11/28/2001 16:00:00,37.15,47.66,42.53,31.3,43.7,17.2,10.88,23.25,12.29,22.77,20.81,6.3,8.48,5.15,18.4,14.35,11.99,10.67
11/29/2001 16:00:00,37.35,48.38,42.5,31.94,43.8,17.1,11,23.4,12.27,23.42,20.83,6.34,8.65,5.05,18.35,14.45,11.83,10.85
11/30/2001 16:00:00,37.63,48.34,42.7,31.8,43.55,17.3,11.12,23.9,12.08,23.12,21.39,6.43,8.79,4.95,18.65,14.7,12,10.98
12/3/2001 16:00:00,37.4,48.9,42.51,31.78,43.65,17,11.23,23.84,11.94,23.28,21.2,6.5,8.38,5.15,19,15.09,11.83,10.59
12/4/2001 16:00:00,38,49.16,43.22,33.08,44.38,17.2,11.38,24.75,11.8,23.84,21.46,6.5,9,5.45,19.33,15.43,12.25,10.86
12/5/2001 16:00:00,38.85,50.19,43.75,33.67,45.17,17.5,11.26,25.9,11.53,24.26,21.79,6.9,9.75,5.55,19.01,16.2,12.48,11.2
12/6/2001 16:00:00,38.75,48.68,44,33.59,45,17.75,11.16,26.4,11.66,24.16,22.31,6.65,9.78,5.5,19.15,15.56,12.6,11
12/7/2001 16:00:00,37.5,49,42.99,33.65,44.1,17.6,10.92,25.98,11.73,23.8,21.54,6.56,9.5,5.46,18.4,15.13,12.19,10.42
12/10/2001 16:00:00,38.07,48.11,43.44,32.9,43.75,17.9,10.73,26.04,11.79,23.62,21.5,6.51,9.25,5.34,18.5,15.01,12.09,6.99
12/11/2001 16:00:00,38.05,47.99,43.06,33.18,43.75,17.75,10.73,25.7,11.79,23.62,21.5,6.56,9.25,5.34,18.47,15.01,12.01,7.05
12/12/2001 16:00:00,37.15,47.75,43,33.13,44.3,17.2,11.09,25.5,11.68,23.76,21.15,6.65,8.85,5.25,18.6,15.05,11.97,6.88
12/13/2001 16:00:00,37.6,46.65,42.8,32.56,44.04,17.4,10.77,24.95,11.05,23.2,21.4,6.64,8.75,5.21,18.28,14.9,11.78,6.63
12/14/2001 16:00:00,36.64,47.43,42.2,32.42,43.98,17.45,10.32,25.54,11.15,23.24,21.12,6.6,8.85,5.08,18.33,14.83,11.75,6.63
12/17/2001 16:00:00,36.8,47.87,42.13,33.15,44.3,17.51,10.32,25.85,11.53,23.72,21.58,6.52,9.14,5.15,18.37,14.8,11.85,6.5
12/18/2001 16:00:00,37.58,47.74,42.64,34.05,45.35,17.35,10.19,25.69,11.35,23.92,21.2,6.53,8.8,5.23,18.11,14.82,11.88,6.44
12/19/2001 16:00:00,37.55,47.19,43,33.58,44.1,17.2,10.1,26,11.54,23.6,21.61,6.47,9.17,5.39,17.7,14.94,11.95,6.32
12/20/2001 16:00:00,38.55,46.87,44.13,34.15,44.95,17.32,10.22,26.98,11.5,24,22.1,6.57,9.32,5.48,18.25,15.13,12.45,6.41
12/21/2001 16:00:00,38.6,47.66,43.97,34.5,45.15,17.45,10.42,25.89,11.58,24.42,22.48,6.44,9.43,5.34,18.48,15.32,12.52,6.54
12/24/2001 16:00:00,38.85,48.35,44.3,33.55,45.5,17.67,10.35,26.4,11.6,24.4,22.39,6.54,9.54,5.44,18,15.53,12.55,6.62
12/26/2001 16:00:00,39.15,48.83,44.58,34.35,45.2,17.96,10.35,26.69,11.68,24.44,22.81,6.49,9.73,5.48,18.55,15.98,12.69,6.7
12/27/2001 16:00:00,39.61,49.14,44.72,34.85,46.05,18.05,10.43,27.8,12,24.64,23.03,6.65,9.7,5.58,18.8,15.98,12.81,6.5
12/28/2001 16:00:00,39.95,49.79,45.5,35.01,46.3,17.9,10.55,28,12,24.74,22.96,6.57,9.74,5.64,18.9,16.1,12.86,6.54
12/31/2001 16:00:00,39.88,49.02,45,35.2,46.95,18.08,10.48,27.54,11.73,24.84,23.1,6.6,9.75,5.78,19.23,16.52,12.76,6.59
1/2/2002 16:00:00,39.3,49.24,44.81,35.5,46.3,18,10.48,27.48,12,25.32,22.93,6.75,9.55,5.83,19,15.66,12.69,6.53
1/3/2002 16:00:00,39.85,49.08,44.65,35.38,46.06,18.35,10.65,26.59,12.08,25.24,22.92,6.94,9.48,5.93,19.11,15.3,12.82,6.1
1/4/2002 16:00:00,39.7,49.26,44.81,36.03,46.3,18.25,11.15,26.8,12.02,25.44,22.8,6.9,9.38,5.71,19.1,15.69,12.6,5.43
1/7/2002 16:00:00,39.75,48.47,44.72,35.5,45.85,18.43,11.16,26.91,12.01,25.04,22.98,6.83,9.41,5.71,20.15,15.52,12.69,5.15
1/8/2002 16:00:00,39.9,48.36,45,34.86,45.57,18.45,11.18,26.95,12.08,24.82,22.98,6.81,9.41,5.63,20.38,15.5,12.73,5.75
1/9/2002 16:00:00,39.6,48.14,44.65,34.75,45,18.39,11.02,26.2,12.18,24.78,22.49,6.95,9.37,5.58,19.95,15.84,12.48,5.53
1/10/2002 16:00:00,39.24,48.51,44.26,34.63,45.2,18.2,10.54,26.45,12.28,24.48,22.51,6.96,9.38,5.51,19.75,15.75,12.48,6.14
1/11/2002 16:00:00,39.39,48.27,44.45,34.67,45.05,18.32,10.46,25.88,12.18,24.68,22.56,6.87,9.05,5.48,20.09,15.15,12.52,5.75
1/14/2002 16:00:00,38.6,47.4,43.71,34.05,44.9,18.45,10.38,25.38,12.2,24.68,22.58,6.69,8.6,5.2,20.24,15,12.19,5.48
1/15/2002 16:00:00,38.89,48.35,44.13,34.2,44.95,18.04,10.56,25.41,12.22,25.14,22.45,6.51,8.7,5.25,19.7,14.86,12.3,5.5
1/16/2002 16:00:00,39,46.63,44.15,33.84,44.95,17.9,10.58,25.5,12.41,24.6,22.2,6.5,8.69,5.2,19.38,15.1,12.36,5.15
1/17/2002 16:00:00,38.62,47.25,43.97,34.35,45.1,18.03,10.66,25.21,12.3,24.81,22.24,6.42,8.66,5.24,19.55,14.93,12.03,5.18
1/18/2002 16:00:00,38.64,46.77,43.6,34.06,44.43,18.05,10.57,25.13,12.41,25.36,22.07,6.5,8.4,5.26,20,15.2,11.78,5.1
1/22/2002 16:00:00,38.85,46.84,43.7,34.15,44.45,18.2,10.69,24.83,12.47,25.8,22.13,6.5,8.5,5.29,20.15,14.88,11.8,5.16
1/23/2002 16:00:00,38.5,48.66,43.57,34.53,44.7,18.08,10.4,24.9,12.58,26.28,22.01,6.46,8.2,5.15,20.45,14.9,11.76,5.2
1/24/2002 16:00:00,38.6,49.35,43.9,34.45,45.6,18.1,10.66,25.83,12.23,26,22.23,6.4,8.38,5.12,20,15,12.09,5.67
1/25/2002 16:00:00,38.98,49.16,44.25,34.48,45.65,18.1,10.94,26.62,12.31,25.92,22.47,6.32,8.55,5.15,20.28,15.07,12.2,6.64
1/28/2002 16:00:00,39.45,49.3,44.59,35,46.45,18.5,11.04,27.15,12.23,26,22.6,6.46,8.69,5.12,20.42,15.45,12.26,7.24
1/29/2002 16:00:00,38.5,48.38,43.88,34.81,46.1,18.55,11.08,26.5,12.11,26.16,22.41,6.55,8.29,5.21,20.45,15.45,12.14,6.87
1/30/2002 16:00:00,37.95,49.03,41.25,34.11,45.2,18.16,11.27,26.1,11.88,25.78,22.58,6.4,7.8,5.03,20.35,15.22,11.9,6.63
1/31/2002 16:00:00,38.51,49.97,41.5,35,46.35,18.45,11.35,27.23,12.09,26.12,22.11,6.4,8.36,5.13,20.32,15.04,12.21,6.8
2/1/2002 16:00:00,39.15,50.44,41.7,35.48,46.95,18.5,11.4,28.19,12.63,26.32,22.2,6.34,8.5,5.16,20.74,15.35,12.5,7.03
2/4/2002 16:00:00,39.1,49.87,42.43,35.75,47.05,18.45,11.35,27.61,12.3,26.3,22.5,6.49,8.28,5.19,20.72,15.31,12.5,7
2/5/2002 16:00:00,38.6,49.45,41.53,35.28,46.1,18.35,11.37,26.94,12.5,26.2,22.08,6.58,8.28,5.09,20.71,15.18,12.33,6.76
2/6/2002 16:00:00,38.34,50.09,41.25,35.25,46.05,18.6,11.28,26.88,12.43,26.06,22.03,6.4,8.26,5.11,20.6,15.19,12.26,6.74
2/7/2002 16:00:00,38.69,49.14,41.3,35.03,45.7,18.4,11.26,26.8,12.35,25.6,22.03,6.49,8.14,5.08,20.25,15.25,12.09,6.51
2/8/2002 16:00:00,38.05,49.13,40.95,35.5,46.1,18.6,11.21,26.43,12.31,25.71,21.78,6.35,7.93,5.08,20.6,15.18,12.08,6.6
2/11/2002 16:00:00,38.29,49.74,40.53,35.67,46.08,18.75,11.28,26.85,12.15,26.06,21.73,6.51,8.02,5.01,21.27,15.03,12.09,7.25
2/12/2002 16:00:00,38.68,49.48,41.41,35.9,46.95,19,11.38,27.9,12.19,26.32,22.07,6.51,8.16,5.05,21.58,15.2,12.14,7.49
2/13/2002 16:00:00,38.5,49.8,41.13,35.83,47.1,18.95,11.29,27.46,12.28,26.34,21.84,6.65,8.04,5.19,21.55,15.08,12.12,7.34
2/14/2002 16:00:00,38.67,49.9,41.13,35.83,48.4,18.98,11.38,27.46,12.19,26.77,21.9,6.76,8.04,5.23,21.55,15.08,12.12,7.34
2/15/2002 16:00:00,39.18,50.4,41.4,36.01,48.56,18.8,11.6,27.78,12.16,27.1,22.03,6.76,8.24,5.3,22.5,15.1,12.26,8.98
2/19/2002 16:00:00,38.9,49.45,40.95,35.73,48.83,18.9,12,27.4,12.11,26.4,21.9,6.74,8.07,5.24,21.75,15.16,12.14,8
2/20/2002 16:00:00,38.88,49.34,40.74,35.25,48.03,18.6,12.23,27.35,12.14,26.6,21.42,6.81,8.23,5.23,21.5,15.12,12.07,7.95
2/21/2002 16:00:00,39.45,49.52,41.05,35.38,47.41,18.6,12.37,27.45,12.16,26.58,21.42,6.72,8.15,5.36,21.6,14.98,12.09,7.88
2/22/2002 16:00:00,39.4,50.95,41.1,35.75,47.9,18.35,11.77,27.88,12.31,27.18,21.71,6.84,8.35,5.41,21.7,15.33,12.18,7.96
2/25/2002 16:00:00,40.85,51.26,41.75,35.88,48.39,18.45,11.77,29,12.5,26.99,22.18,6.89,8.45,5.64,21.4,15.5,12.36,8.26
2/26/2002 16:00:00,41,50.99,42.2,35.94,49.47,18.25,11.85,29.8,12.5,27.2,22.58,6.99,8.74,5.71,21.35,15.9,12.84,8.28
2/27/2002 16:00:00,40.92,51.41,41.97,36.2,50.27,18.55,11.95,29.2,12.61,27.4,22.47,7.05,8.68,5.88,21.45,16.3,12.81,8.21
2/28/2002 16:00:00,41.4,51.37,42.5,36.53,49.7,18.85,12.18,28.74,12.63,27.52,22.28,7.16,8.66,6.13,21.31,16.49,12.77,8.24
3/1/2002 16:00:00,41.75,52.24,42.22,36.74,49.4,18.65,12.09,29.33,12.5,27.06,22.7,7.1,8.88,6.21,21.39,16.7,12.86,8.33
3/4/2002 16:00:00,42.15,52.7,42.76,36.99,50.5,18.95,11.97,29.7,11.94,27.34,22.74,7.29,8.81,6.45,21.5,17.35,13.21,8.48
3/5/2002 16:00:00,42.5,52.36,43.09,37.1,50.85,19.1,12.14,30.08,11.59,27.56,22.84,7.26,8.98,6.59,21.8,17.5,13.24,8.41
3/6/2002 16:00:00,42.55,53.39,42.85,36.76,50.8,19.28,12.18,29.95,11.97,27.54,22.83,7.35,9.13,6.2,22.28,17.49,13.22,8.5
3/7/2002 16:00:00,43.35,53.75,44.13,37.65,52,19.7,12.54,31.01,12.25,28.1,23.29,7.47,9.65,6.29,22.31,17.86,13.65,8.74
3/8/2002 16:00:00,43.5,53.66,44.49,38.03,52.35,20,12.69,29.75,12.65,28.48,23.27,7.55,9.75,6.31,22.62,17.9,13.66,8.69
3/11/2002 16:00:00,43.25,54.65,44.35,37.85,51.85,20.13,12.54,29.42,12.53,28.94,23.25,7.58,9.88,6.35,22.65,17.52,13.43,8.61
3/12/2002 16:00:00,43.59,54.89,44.55,37.7,50.9,20.77,12.6,29,12.5,28.6,23.33,7.4,9.75,6.36,23.3,17.57,13.36,8.28
3/13/2002 16:00:00,43.95,54.56,44.93,38.1,52.37,20.65,12.77,30.75,12.38,28.8,24.01,7.5,9.93,6.38,23.4,17.77,13.79,8.55
3/14/2002 16:00:00,43.44,54.44,44.71,37.45,52.05,20.9,12.6,29.3,12.28,29.07,23.83,7.47,9.96,6.38,23.13,17.5,13.72,8.37
3/15/2002 16:00:00,43.5,54.79,44.82,37.8,51.75,20.8,12.81,29.75,12.18,29.22,23.88,7.55,9.75,6.54,23.38,17.46,13.82,8.04
3/18/2002 16:00:00,43.75,55.02,45.1,37.65,52.05,20.55,12.83,29.8,12.23,29.12,23.94,7.4,9.91,6.79,23.41,17.7,13.82,8.49
3/19/2002 16:00:00,43.98,55.4,45.4,38.15,52.35,20.65,12.84,30.15,12.14,29.12,24.18,7.6,10,6.75,23.15,18.75,13.91,8.43
3/20/2002 16:00:00,43.64,54.67,44.93,38.15,52.35,20.55,12.69,29.84,12.22,28.82,24.11,7.57,10.17,6.63,23.45,18.09,13.89,8.49
3/21/2002 16:00:00,43.67,54.35,44.93,37.77,52.55,20.7,12.32,29.6,12.18,29.04,23.93,7.55,10.03,6.5,23.6,18.64,13.65,8.29
3/22/2002 16:00:00,43.5,53.8,45,37.69,52.83,20.68,12.38,29.33,12.06,29.05,23.75,7.84,10.2,6.41,23.76,18.41,13.7,8.05
3/25/2002 16:00:00,43.22,52.8,44.56,37.45,52.1,20.25,12.54,28.5,12.13,28.88,23.53,7.8,9.9,6.38,23.4,18.45,13.56,7.85
3/26/2002 16:00:00,42.95,53.45,44.45,37.63,51.7,20.03,12.15,28.65,12.16,28,23.44,7.69,9.89,6.34,23.45,18.05,13.55,8
3/27/2002 16:00:00,43.58,54.1,44.83,38.29,52.3,20.51,12.32,29.06,11.93,28.89,23.56,7.78,9.87,6.53,24.5,17.91,13.78,8.28
3/28/2002 16:00:00,44.05,54.32,45.13,38.56,53.06,20.72,12.38,29.38,12.01,29.17,23.94,7.95,10.17,6.64,25.08,18.18,13.94,8.5
4/1/2002 16:00:00,44.2,55.09,44.99,38.8,53.13,21,12.54,29.9,12.05,29,23.99,7.93,10.22,6.73,25,18.2,14.11,8.59
4/2/2002 16:00:00,43.9,55.48,44.86,39.08,53.78,21.15,12.69,29.1,11.94,29.87,24.26,8.16,10.47,6.83,25.45,18.25,14.27,8.31
4/3/2002 16:00:00,44.38,54.59,45.19,39.4,53.95,20.95,13.02,28.75,11.59,29.88,24.22,8.26,10.48,6.69,25,18.43,14.29,8.45
4/4/2002 16:00:00,44.1,53.39,44.95,38.38,52.5,20.85,13.08,28.68,11.41,29.56,23.97,8.12,10.3,6.66,24.5,18.28,14.26,8.32
4/5/2002 16:00:00,43.1,52.92,43.95,37.75,52.26,20.83,13.21,28.08,11.19,29.32,23.48,8,9.99,6.69,24.31,17.91,13.91,8.29
4/8/2002 16:00:00,43.35,53.06,43.92,37.17,51.88,20.75,13.31,27.93,10.93,29.09,23.44,7.95,9.98,6.65,24.7,18.05,13.89,8.43
4/9/2002 16:00:00,42.7,53.07,44.1,37.35,51.75,20.8,13.42,27.34,10.85,29.3,23.25,8,10.06,6.67,24.04,17.77,13.89,8.62
4/10/2002 16:00:00,42.5,53.56,43.48,37.03,51.34,20.5,13.3,26.75,10.94,29.14,22.89,7.94,9.76,6.49,24,17.06,13.87,8.75
4/11/2002 16:00:00,43.13,52.68,43.8,37.33,51.35,20.5,13.25,27.13,11.49,29.25,22.95,8,9.97,6.54,24,17.25,14.11,8.75
4/12/2002 16:00:00,41.95,51.24,42.78,36.58,50.6,20.33,13.12,26.98,11.34,28.96,22.66,7.86,9.78,6.4,24,17.02,13.91,8.46
4/15/2002 16:00:00,42.1,52.49,42.7,37.16,51,20.25,13.65,26.98,11.38,29.04,22.37,8,9.7,6.37,24.6,16.53,13.69,8.24
4/16/2002 16:00:00,41.99,53.86,42.98,37.7,51.95,20.4,13.65,27.31,11.57,29.24,22.77,8.09,9.78,6.36,25.5,16.8,13.89,8.57
4/17/2002 16:00:00,42.48,54.46,43.6,38.4,52.4,20.51,13.92,27.99,11.63,29.8,23.08,8.28,9.82,6.48,26,17.38,13.99,8.84
4/18/2002 16:00:00,42.52,54.25,43.9,38.37,52.27,20.68,14.49,27.95,11.5,30.16,23.12,8.5,10.19,6.53,25.6,17.56,14.06,8.89
4/19/2002 16:00:00,42.46,54.66,43.38,38.08,51.85,20.75,14,27.82,11.55,30.12,23.12,8.43,10.16,6.45,25.9,17.5,13.96,8.81
4/22/2002 16:00:00,42.45,53.88,43.83,37.68,51.75,20.6,13.65,27.51,11.69,30.3,23.35,8.33,10.3,6.39,26.11,17.5,14.05,8.9
4/23/2002 16:00:00,40.5,53.14,42.75,37.58,50.58,20.55,13.78,27.12,11.62,30.28,22.89,8.21,10.34,6.41,26.95,17.75,13.84,8.76
4/24/2002 16:00:00,41.05,52.13,42.83,37.77,50.15,20.81,13.68,26.95,11.59,30.47,23.02,8.4,10.25,6.39,26,17.7,13.87,8.69
4/25/2002 16:00:00,40.1,52.52,42.85,37.37,49.75,20.7,13.15,27.35,11.83,30.41,22.87,8.38,10.29,6.35,25.6,17.82,13.46,8.74
4/26/2002 16:00:00,40.6,51.96,42.96,37.5,49.4,20.62,13.12,28,11.83,30.33,23.08,8.25,10.46,6.25,25.99,17.95,13.68,8.87
4/29/2002 16:00:00,40,52.01,42.51,37.25,49.85,20.48,13,28.08,11.66,29.94,22.8,8.33,10.53,6.16,25.85,17.79,13.72,8.74
4/30/2002 16:00:00,40,52.26,43.55,37.75,51.3,20.35,12.15,28.03,11.77,30.78,22.85,8.43,10.59,6.18,26.2,17.52,13.82,8.57
5/1/2002 16:00:00,39.9,52.65,43.36,37.85,50.65,19.78,12.23,27.19,11.63,30.45,22.72,8.47,10.33,6.16,26.25,17.4,13.79,8.45
5/2/2002 16:00:00,40.59,53.69,44,38.17,51.03,20,12.31,27.81,11.34,30.89,22.94,8.45,10.56,6.14,26.75,17.27,13.97,8.63
5/3/2002 16:00:00,40.95,54.67,44.6,38.88,52.2,19.95,12.35,28.73,11.47,31,23.24,8.55,10.84,5.98,27.5,17.35,14.12,8.48
5/6/2002 16:00:00,40.12,53.41,44.45,38.55,51.35,19.83,12.39,28.03,11.48,30.77,23.12,8.48,10.8,5.86,27.4,17.75,14.11,8.32
5/7/2002 16:00:00,39.49,53.7,43.65,38.15,50.85,19.65,12.31,27,11.58,30.67,22.76,8.1,10.58,5.85,26.75,17.2,13.68,7.83
5/8/2002 16:00:00,38.85,54.56,44.1,38.58,50.7,19.4,12.23,27.68,11.3,30.91,22.88,8.01,10.75,5.88,26.5,17.63,13.75,8.22
5/9/2002 16:00:00,39.75,54.15,44.13,38.28,51.2,19.43,12.69,28.08,11.13,29.78,23.06,8.06,10.8,5.93,26.65,17.5,13.96,8.2
5/10/2002 16:00:00,39.8,54.01,44.44,38.45,51.43,19.35,12.42,27.43,11.27,29.7,23.05,8.21,10.73,5.7,26.27,17.5,13.94,8.25
5/13/2002 16:00:00,39.58,55.26,44.67,38.13,51.3,19.68,12.24,27.65,11.42,29.78,22.85,8.42,10.61,5.38,26.65,17.73,13.93,8.32
5/14/2002 16:00:00,40.47,55.75,45.2,38.87,52.63,19.8,12.54,28.27,11.5,29.82,23.37,8.49,11,5.43,26.4,18.02,14.21,8.43
5/15/2002 16:00:00,39.86,55.36,44.24,38.28,52.1,20,12.46,27.58,11.58,29.84,22.99,8.35,10.72,5.48,26.59,18.19,14.17,8.54
5/16/2002 16:00:00,39.95,56.05,44.5,38.75,52.15,20.3,12.55,27.57,11.58,30.18,23.06,8.45,10.65,5.53,26.6,17.48,14.24,8.4
5/17/2002 16:00:00,40.28,55.81,44.25,38.87,52.1,20.15,12.38,27.53,11.28,30.64,23.16,8.51,10.69,5.75,26.75,17.58,14.39,8.35
5/20/2002 16:00:00,39.95,54.54,44.28,38.7,51.95,20.19,12.42,27.4,11.85,30.57,22.87,8.5,10.54,5.8,27,17.57,14.2,8.52
5/21/2002 16:00:00,39.79,54.56,44.38,38.75,51.9,20.5,12.5,27.08,11.8,30.58,22.83,8.62,10.58,5.94,26.57,17.55,14.27,8.78
5/22/2002 16:00:00,40.02,55.3,43.93,38.58,51.2,20.4,12.55,25.89,11.68,30.58,22.92,8.58,10.63,5.9,26.5,17.18,14.2,8.59
5/23/2002 16:00:00,40.75,55.84,44.51,38.69,50.69,20.5,12.47,26.59,11.78,31.08,23.14,8.7,10.84,5.83,26.85,8.94,14.5,9.3
5/24/2002 16:00:00,41,55.72,44.81,38.81,51.5,20.47,12.43,26.2,11.7,30.76,22.95,8.78,10.65,5.98,26.95,9.03,14.75,9.61
5/28/2002 16:00:00,40,54.94,44.58,39.17,50.9,20.55,12.35,26.05,11.38,31.12,22.67,8.8,10.54,6.03,27.27,9.1,14.4,9.75
5/29/2002 16:00:00,39.7,55.2,44,38.83,50.8,20.61,12.32,25.8,11.2,30.91,22.47,8.78,10.31,5.94,27.61,8.8,14.5,9.03
5/30/2002 16:00:00,39.85,54.53,43.57,38.4,50.7,20.28,12.15,25.73,11.21,30.61,22.18,8.65,10.4,5.93,27.35,8.67,14.35,9
5/31/2002 16:00:00,39.6,55,43.55,39,51.3,20.77,12.73,25.99,11.13,30.73,22.01,8.62,10.26,5.94,27.15,8.7,14.32,9.13
6/3/2002 16:00:00,40,54.45,43.98,38.55,50.95,20.98,12.81,25.93,11.08,30.56,21.94,8.6,10.29,5.92,27,8.72,14.27,9.25
6/4/2002 16:00:00,39.07,54.08,43.26,37.75,49.75,20.95,12.88,25.18,11.08,29.91,21.52,8.62,10.05,5.83,27.3,8.68,14.21,9.1
6/5/2002 16:00:00,38.98,54.09,43.4,36.95,49.45,21.1,12.83,24.65,10.83,29.8,21.27,8.5,9.82,5.76,27.15,8.59,14.2,8.91
6/6/2002 16:00:00,39.98,54.07,43.93,37.8,49.8,21.11,13.32,24.85,10.8,29.94,21.57,8.42,9.98,5.73,26.95,8.4,14.29,8.93
6/7/2002 16:00:00,39.15,54,42.99,36.96,48.35,21.4,13.37,24.5,10.8,29.49,21.15,8.32,9.82,5.54,26.74,8.09,14.23,8.7
6/10/2002 16:00:00,39.42,52.85,43.55,37.65,49.25,21.56,13.5,24.4,10.8,29.79,21.54,8.29,9.93,5.5,26.8,8.6,14.15,8.8
6/11/2002 16:00:00,39.73,53.05,43.45,37.53,49.12,21.9,13.54,24.33,10.88,30.24,21.54,8.41,9.65,5.49,26.25,8.26,14.01,8.7
6/12/2002 16:00:00,39.2,52.56,43.38,37.59,48.5,22.3,13.54,23.7,11.03,30.25,21.33,8.56,9.54,5.26,26.5,8.27,13.84,8.25
6/13/2002 16:00:00,39.35,52.07,43.38,37.06,47.85,22.3,13.69,24.08,10.76,30.16,21.34,8.65,9.5,5.19,26.3,8.28,13.99,8.51
6/14/2002 16:00:00,39.3,51.1,43.38,36.4,46.75,21.95,13.7,23.9,10.88,30.12,20.96,8.55,9.48,5,26.2,8.45,14.25,8.35
6/17/2002 16:00:00,39.45,53.02,43.75,36.95,47.33,21.46,13.31,24.7,10.88,30.5,21.28,8.55,9.76,4.98,26.5,8.53,14.32,8.46
6/18/2002 16:00:00,40,53.12,44.08,37.54,48.77,21.4,13.33,24.73,10.93,31.32,21.78,8.52,9.8,5.1,26.95,8.65,14.54,8.6
6/19/2002 16:00:00,39.95,52.18,44.1,37.5,47.65,20.63,13.21,24.18,10.75,31.33,21.89,8.5,9.86,4.93,26.74,8.66,14.54,8.43
6/20/2002 16:00:00,39.41,52.17,43.85,37.6,48.25,20.9,13.19,24.6,10.52,31.44,21.82,8.58,9.81,4.9,26.3,8.63,14.37,8.4
6/21/2002 16:00:00,39,52.36,43.13,37.5,47.87,21.12,13.46,24.87,10.28,30.92,21.54,8.51,9.81,4.45,26.05,8.63,14.15,8.28
6/24/2002 16:00:00,39.25,52.11,44.08,37.95,48.3,21.29,13.47,24.36,10.04,30.04,21.65,8.6,9.7,4.05,26.4,8.5,14.33,8.13
6/25/2002 16:00:00,40.25,52.77,44.23,38.02,49.12,20.8,13.55,25.13,9.95,30.63,21.73,8.6,9.86,4.43,26.42,8.78,14.35,8.3
6/26/2002 16:00:00,39.6,52.89,42.75,37.98,48.5,20.75,13.31,24.25,9.8,31.14,21.47,8.51,9.76,4.43,26.5,8.7,14.29,7.63
6/27/2002 16:00:00,39.74,54.13,43.13,38.89,49.15,21,13.17,24.4,9.5,31.29,22.01,8.54,9.89,4.76,26.55,8.85,14.37,7.76
6/28/2002 16:00:00,40.1,55.27,44,40.05,49.7,21.4,13.54,23.88,9,31.82,21.85,8.7,9.83,4.72,26.75,8.88,14.18,7.87
7/1/2002 16:00:00,40.77,55.17,44.25,40.75,50.73,21.4,13.69,22.65,8.13,32.16,22.43,8.89,9.9,4.69,26.9,8.9,14.37,7.9
7/2/2002 16:00:00,40.8,53.65,44.3,40.62,51.3,21.25,13.32,23.4,8.63,32.49,22.46,8.81,9.68,4.52,26.25,8.82,14.2,7.5
7/3/2002 16:00:00,40.15,54.24,43.88,39.34,49.7,21.9,13.58,22.68,8.98,31.43,21.76,8.78,9.38,4.4,26,8.59,13.92,7.1
7/5/2002 16:00:00,39.95,57.16,43.8,40.15,49.45,21.5,13.78,23.37,9.07,32.24,21.98,8.97,9.43,4.4,27,8.55,13.82,7.24
7/8/2002 16:00:00,40.35,56.75,43.8,41.35,50.53,21.75,13.85,23.25,9.38,32.85,22.3,9.28,9.54,4.35,27.13,8.56,14.09,7.42
7/9/2002 16:00:00,40.35,55.89,43.93,41.48,50.41,21.9,13.81,22.5,9.55,33.05,22.47,9.13,9.33,4.33,28.2,8.63,13.93,7.13
7/10/2002 16:00:00,40.25,50.73,43.7,40.58,50.91,21.8,13.85,22.68,9.7,32.72,22.37,9.1,9.35,4.46,28.5,8.43,13.77,7.11
7/11/2002 16:00:00,38.23,50.56,42.44,38.92,48.35,21.6,13.77,21.53,9.23,31.48,21.15,8.9,8.89,4.33,28.9,8.6,13.15,6.45
7/12/2002 16:00:00,37.26,48.8,41.5,39.11,47.3,21.7,13.92,21.7,9.2,31.64,20.38,8.77,8.9,4.38,28.45,8.48,12.92,6.68
7/15/2002 16:00:00,36.1,46.3,41.08,37.98,45.25,21.3,13.85,21.26,8.98,30.57,19.06,8.54,8.74,4.29,27.7,8.32,12.72,6.71
7/16/2002 16:00:00,35.25,44.4,39.76,35.75,43.7,21.31,13.63,21.09,8.68,29.9,19.57,8.45,8.73,4.26,27.45,8.13,12.63,6.35
7/17/2002 16:00:00,35.9,45.51,40.28,36.8,45.7,21.4,12.96,21.63,8.88,29.66,19.74,8.5,9.03,4.31,27.7,8,12.63,6.6
7/18/2002 16:00:00,35.76,46,40.25,36.2,45.7,21.4,12.45,21.83,9.2,29.89,19.76,8.31,8.75,4.34,26.9,8.29,12.68,6.43
7/19/2002 16:00:00,33.65,42,39.05,35.35,44.25,20.9,12.18,21.88,9.48,29.2,19.32,8.33,8.69,4.25,26.2,8.3,12.19,6.13
7/22/2002 16:00:00,32.4,40.9,36.85,33.38,42.2,20,11.65,20.66,9.31,27.72,18.49,8.05,8.49,3.94,26.25,8.1,11.95,5.55
7/23/2002 16:00:00,30.7,41.19,34.88,31.83,39.7,19.45,11.38,19.5,8.6,26.64,17.63,7.55,7.88,3.75,25.65,7.52,11.54,4.99
7/24/2002 16:00:00,30.52,42.81,33.48,30.8,38.56,19.6,11.46,18.23,8,25.95,17.48,7,7.54,3.47,24.1,7,11.16,4.55
7/25/2002 16:00:00,33.94,42.39,34.83,32.03,41.5,20.3,11.78,20.23,8.78,27.52,18.09,7.4,8.16,3.68,25.8,7.89,11.78,6.13
7/26/2002 16:00:00,34,42.71,34.98,32.15,42.05,20.1,11.31,20.38,9.15,27.32,17.66,7.45,7.9,3.69,26.71,7.83,11.72,6.28
7/29/2002 16:00:00,35.9,44.38,36,33.53,44.22,20.5,11.38,20.38,9.04,28.38,18.35,7.7,8.35,3.44,26.4,7.87,12.12,6.58
7/30/2002 16:00:00,36.37,44.69,36.5,35.6,45.3,21.05,11.82,21.4,9.01,29.7,19.23,7.77,8.57,3.3,26.93,7.95,12.27,6.89
7/31/2002 16:00:00,35.52,45.7,36.25,35.56,45.43,21.07,12.42,21.97,8.85,29.59,19.1,8.11,8.56,3.25,27.5,8.06,12.55,6.85
8/1/2002 16:00:00,35.25,42.21,36.88,34.97,45.35,21,12.02,20.73,10,29.9,19.48,8.17,8.67,3.3,26.85,8.3,12.98,6.6
8/2/2002 16:00:00,33.85,42.26,35.5,34.52,45.5,20.45,11.87,19.8,10.19,29.73,18.76,8.08,8.24,3.69,26.2,8.15,12.22,6.28
8/5/2002 16:00:00,33.65,41.03,35.4,34.34,44.35,19.85,11.58,18.9,10.4,29.44,18.55,7.91,8.27,3.86,26.7,8.46,12.12,5.93
8/6/2002 16:00:00,33.15,42.85,34.55,33.4,44.56,19.9,11.35,18.4,9.95,29.45,17.86,8.08,8.2,3.51,26.01,8.26,12,5.95
8/7/2002 16:00:00,33.75,44.1,35.73,35.5,46.25,20.1,11.58,18.9,9.75,30.6,18.68,8.22,8.44,3.65,26.4,8.48,12.45,6.16
8/8/2002 16:00:00,34.31,45.65,36.4,35.24,46,20.1,11.56,18.67,10.1,30.42,18.71,8.31,8.44,4.06,27,8.2,12.81,6.09
8/9/2002 16:00:00,35.77,45.71,37,35.35,46.35,20.55,12.77,19.35,10.38,30.08,19.36,8.35,8.69,4.07,27.75,8.64,13.1,6.63
8/12/2002 16:00:00,35.27,44.91,37.38,35.78,46.6,20.2,11.54,19.98,10.95,30.91,19.74,8.41,8.88,4.09,27.9,8.78,13.21,6.77
8/13/2002 16:00:00,35.1,44.42,37.52,35.08,46.2,20.34,12.08,20.45,10.68,30.86,19.71,8.43,8.82,3.68,28,8.86,13.25,6.78
8/14/2002 16:00:00,35.4,44.7,37.98,35.33,47.32,20.3,12,20.13,10.38,31.25,19.55,8.46,8.66,3.61,27.75,8.73,13.22,6.74
8/15/2002 16:00:00,36.8,45.61,38.63,36.02,48,20.75,11.92,20.74,10.59,31.2,20.11,8.56,8.74,3.49,28.2,8.74,13.62,7.02
8/16/2002 16:00:00,37.09,45.3,38.45,35.76,47.94,20.6,11.84,21.7,10.38,30.92,19.88,8.58,8.91,3.54,27.75,8.53,13.77,7.5
8/19/2002 16:00:00,36.55,45.78,38.21,36.03,48.2,20.95,12.12,21.38,10.5,31.8,19.82,8.75,8.75,3.58,29.23,8.6,13.82,7.38
8/20/2002 16:00:00,36.91,44.78,37.98,36.1,48.9,21.05,12.46,21.27,10.3,30.8,19.92,8.61,8.81,3.59,30.15,8.61,13.89,7.34
8/21/2002 16:00:00,36.28,46.05,37.8,36.23,48.55,21.1,12.38,20.5,10.35,30.97,19.69,8.7,8.62,3.58,29.25,8.84,13.55,7.03
8/22/2002 16:00:00,36.44,46.95,38.55,35.9,48.5,20.9,12.4,20.52,10.51,30.46,19.82,8.66,8.66,3.53,28,9.07,13.81,7.1
8/23/2002 16:00:00,36.8,45.98,39.02,35.8,48.85,20.55,12.27,21.83,10.82,30.52,20.11,8.38,8.9,3.6,27.87,8.9,14.1,7.4
8/26/2002 16:00:00,36.2,45.92,39.03,35.73,47.94,20.5,12.41,21.88,10.75,30.78,19.82,8.49,8.78,3.65,28,8.88,14.03,7.35
8/27/2002 16:00:00,37.45,46.65,39.66,36.39,49.6,20.55,12.5,22.93,10.87,31.39,20.01,8.41,9.06,3.88,28,8.99,14.27,7.63
9/20/2002 16:00:00,32.59,40.41,35.35,32.48,41.21,20.65,11.65,19.92,10.93,28.52,19.04,7.71,8.56,3.5,27.75,8.42,13.58,6.63
9/23/2002 16:00:00,32.62,40.4,35.03,32.25,40.9,20.7,11.65,19.75,10.71,25.76,18.6,7.8,8.57,3.4,27.6,8.2,13.5,6.51
9/24/2002 16:00:00,32.5,39.25,34.67,31.4,39.77,20.95,11.73,19.64,10.88,26.26,18.37,7.55,8.53,3.23,27.65,8.1,13.43,6.43
9/25/2002 16:00:00,32.35,39.71,34.35,32.05,40.2,20.89,11.77,19.27,10.5,27.34,18.11,7.45,8.37,3.1,27.67,8.18,13.39,6.22
9/26/2002 16:00:00,33.35,41.75,35.58,32.75,40.5,20.82,12.12,19.64,10.15,27.85,18.47,7.46,8.68,2.98,27.88,8.31,13.48,6.48
9/27/2002 16:00:00,33.9,41.26,36.41,33.48,41.61,20.8,12.16,20.39,10.41,28.06,18.65,7.4,8.81,2.75,27.85,8.24,13.7,6.66
9/30/2002 16:00:00,32.82,40.17,35.49,32.75,40.41,20.2,12.05,19.52,10.06,27.49,18,7.47,8.92,2.39,28.05,8.37,13.66,6.51
10/1/2002 16:00:00,32.18,42.65,34.92,33.85,40.82,20.1,11.99,19.35,9.78,27.59,17.53,7.4,8.78,2.74,28.2,8.45,13.87,6.46
10/2/2002 16:00:00,33.1,42.41,35.88,34.6,40.2,20.65,12.31,19.45,9.54,27.62,18.34,7.43,9,3.12,28.58,8.3,13.84,6.89
10/3/2002 16:00:00,32.85,42.49,35.98,35.38,40.95,19.95,12.33,19.61,9.45,28.9,18.05,7.33,9,2.96,28.25,8.38,13.87,7.13
10/4/2002 16:00:00,33.4,41.48,36.58,34.33,40.4,19.98,12.12,19.3,9.45,29.02,18.53,7.49,8.98,3.18,27.7,8.38,14.15,7.23
10/7/2002 16:00:00,33,41.23,35.9,33.73,39.65,19.63,11.62,18.59,9.32,28.41,18.11,7.41,8.74,3.13,27.7,8.18,14.23,7.1
10/8/2002 16:00:00,33.7,40.65,35.38,33.26,39.85,19.85,11.45,18.23,9.25,27.83,17.74,7.36,8.65,2.88,27.27,7.89,13.85,6.93
10/9/2002 16:00:00,32.1,39.94,34.46,31.79,37.55,20.05,11.08,17.72,9.25,27.05,17.51,7.5,8.54,2.75,26.7,7.4,13.8,6.59
10/10/2002 16:00:00,33.08,41.6,34.08,32.25,38.07,19.7,11.4,17.08,8.75,27.32,17.02,7.5,8.33,2.8,26.01,7.31,13.63,6.38
10/11/2002 16:00:00,34.01,42.65,35.9,34.7,39.65,19.9,11.52,17.72,8.75,28.13,17.4,7.6,8.41,2.7,26.65,7.78,13.75,6.87
10/14/2002 16:00:00,34.5,42.3,35.99,34.65,39.8,19.95,11.58,18.34,8.86,28.38,17.44,7.63,8.5,2.56,27.25,7.78,13.64,7.01
10/15/2002 16:00:00,35.25,43.87,36.76,35.6,41.5,19.75,11.58,19.35,9,28.78,18.22,7.8,9.1,2.5,27.9,8.18,14.23,7.53
10/16/2002 16:00:00,36.3,43.24,37.17,34.73,41.35,20,11.69,19.55,8.85,29.14,18.39,7.75,9.22,2.45,27.89,8.07,14.5,7.5
10/17/2002 16:00:00,36.35,44.41,37.35,35.1,43.15,20,11.82,19.05,9.05,29.42,18.77,7.71,9.31,2.49,26.9,8.55,14.47,7.41
10/18/2002 16:00:00,36.05,44.21,37.13,34.28,42.25,19.63,11.71,19.5,8.9,28.41,18.68,7.65,9.34,2.71,26.15,8.3,14.55,7.31
10/21/2002 16:00:00,35.75,44.67,37.3,34.1,41.9,19.5,11.71,20,8.65,28.38,18.59,7.55,9.26,2.74,25.65,7.98,14.55,7.52
10/22/2002 16:00:00,36.01,42.51,36.6,33.42,40.05,18.97,12.04,20,9.13,27.2,18.16,7.2,9.24,2.65,24.85,7.95,14.68,7.75
10/23/2002 16:00:00,34.65,42.66,35.7,32.65,38.93,18.97,12.11,20.15,9.25,26.73,17.99,6.96,9.31,2.8,25.53,7.69,14.02,7.5
10/24/2002 16:00:00,35.5,42.26,36.75,33.35,40.15,18.98,12.15,21.73,9.28,27.39,18.52,7.14,9.82,3.09,24.7,7.43,14.26,7.9
10/25/2002 16:00:00,34.2,42.44,36.38,33.1,39.68,19.5,11.96,20.55,9.35,26.8,18.08,7.02,9.55,3.16,25.1,7.3,13.83,7.33
10/28/2002 16:00:00,34.86,42.33,36.65,33.17,39.9,19.35,11.92,19.9,9.46,26.98,18.31,7.16,9.31,3.28,25.45,7.7,13.72,7.44
10/29/2002 16:00:00,33.5,40.11,36.38,32.74,36.78,18.77,11.61,19.78,9.13,26.56,18.11,7.05,9.06,3.1,25.35,7.61,13.43,7.43
10/30/2002 16:00:00,33.45,41.68,35.48,32.4,36.79,19,11.42,19.5,9.18,26.48,18.12,6.99,8.95,3.1,25.26,7.45,13.43,7.45
10/31/2002 16:00:00,34.32,42.78,34.76,33.99,38.35,18.8,11.81,20.36,9.3,27.36,19.02,7.11,9.4,3.31,25.48,7.49,13.58,7.76
11/1/2002 16:00:00,33.8,43.45,33.88,34.01,38.53,18.6,11.89,19.95,9.31,27.58,18.49,7.25,9.21,3.29,24.6,7.3,13.6,8.07
11/4/2002 16:00:00,34.5,43.44,34.75,34.27,39.43,18.9,12.28,20.99,9.23,27.36,18.49,7.25,9.48,3.46,24.9,7.4,13.68,8.6
11/5/2002 16:00:00,34.51,44.33,33.97,34.38,37.65,18.75,11.85,20.33,8.6,27.32,18.33,7.22,9.51,3.25,24.2,7.37,13.24,8.34
11/6/2002 16:00:00,35.35,44.03,34.53,34.33,37.18,18.7,11.62,21.33,8.7,26.95,18.71,7.31,9.47,3.2,24.35,7.42,13.58,8.55
11/7/2002 16:00:00,34.95,42.92,34.42,33.92,37.5,19.1,11.82,21.56,8.95,27.17,18.68,7.19,9.57,3.13,25.5,7.48,13.52,8.88
11/8/2002 16:00:00,34.7,43.49,33.98,34.13,38.13,19.15,11.94,21.2,8.83,27.64,18.83,7.2,9.44,3.31,25.35,7.4,13.48,8.45
11/11/2002 16:00:00,34.65,43.11,33.63,34.4,38.66,19.21,12,20.88,8.79,28.58,18.7,7.25,9.35,3.31,25.56,7.6,13.19,8.19
11/12/2002 16:00:00,34.25,43.25,34,34.54,38.82,19.25,11.77,20.68,8.61,28.16,18.39,7.3,9.31,3.21,25.5,7.43,13.19,8.22
11/13/2002 16:00:00,34.15,42.52,33.28,34.05,38.42,19.4,12,20.45,8.57,27.8,18.22,7.38,9.2,3.13,25.7,7.37,13.22,7.9
11/14/2002 16:00:00,33.92,43.74,33.35,34.15,37.9,19.06,11.77,20.08,8.61,28.04,17.9,7.47,9.02,3.16,25.64,7.36,12.99,7.9
11/15/2002 16:00:00,34.25,44.38,33.4,34.5,38.25,19.07,12.08,20.53,8.7,27.98,18.39,7.46,9.14,3.29,25.7,7.36,13.05,8.56
11/18/2002 16:00:00,35.01,44.34,33.83,35.38,39.5,18.88,12.12,21.01,8.9,28.47,18.68,7.33,9.5,3.43,25.57,7.63,13.17,8.94
11/19/2002 16:00:00,35,44.18,33.88,35.45,39.85,19.02,12.44,20.75,8.93,28.84,18.89,7.33,9.5,3.45,25.99,7.6,13.1,8.88
11/20/2002 16:00:00,34.9,43.99,33.75,34.59,38.82,18.86,12.31,20.79,8.75,28.16,18.68,7.25,9.63,3.38,25.2,7.64,12.98,8.78
11/21/2002 16:00:00,35.38,44.4,34.15,34.84,39.28,18.8,11.98,21.26,8.62,28.82,19.04,7.29,9.99,3.54,26.2,7.84,13.48,9.04
11/22/2002 16:00:00,34.81,43.67,33.63,34.28,38.59,18.95,12.31,22.2,8.5,28.2,19.04,7.22,9.79,3.43,25.8,7.8,13.55,9.5
11/25/2002 16:00:00,34.1,43.21,33.35,33.5,37.6,18.98,12,21.71,8.95,28.2,18.16,7.07,9.72,3.54,25.65,7.62,13.39,9.29
11/26/2002 16:00:00,34.1,42.23,33.63,33.33,37.72,18.9,11.77,21.38,8.8,28.26,18.49,7,9.66,3.34,25.5,7.49,13.1,9.32
11/27/2002 16:00:00,34.55,43.94,33.14,33.45,38.2,18.95,11.65,21.28,8.82,28.17,18.11,7.01,9.45,3.24,24.9,7.26,13.2,9.46
11/29/2002 16:00:00,34.98,43.55,33.38,33.65,38.95,19.2,11.85,21.83,8.88,28.97,18.43,7.11,9.65,3.26,24.46,7.58,13.29,10.55
12/2/2002 16:00:00,34.58,43.45,33.6,33.38,38.7,19.15,11.98,22.38,8.93,28.77,18.68,7.34,9.87,3.36,24.3,7.48,13.39,10.5
12/3/2002 16:00:00,34.3,43.16,33.53,33.33,39.12,19.5,12.12,23.06,8.89,28.85,18.47,7.4,9.78,3.32,24.6,7.53,13.21,10.38
12/4/2002 16:00:00,34.7,42.56,33.35,33.12,39.3,19.45,12.08,22.44,8.7,28.74,18.67,7.4,9.86,3.3,24.25,7.55,13.12,9.75
12/5/2002 16:00:00,34.77,42.69,34.25,33.1,39.7,19.7,12.15,22.59,8.9,28.87,18.91,7.53,9.86,3.26,25.1,7.67,13.24,10.03
12/6/2002 16:00:00,34.4,43.05,33.98,32.97,38.56,19.68,12.19,22.43,8.88,28.32,19.02,7.41,9.79,3.23,25.6,7.55,13.05,9.91
12/9/2002 16:00:00,35.15,42.15,34.19,33.33,39.25,19.65,12.54,23.27,8.95,28.7,19.12,7.59,9.97,3.19,25.3,7.67,13.43,9.75
12/10/2002 16:00:00,34.7,42.6,33.74,32.87,39.2,19.6,12.62,22.51,8.53,28.8,18.98,7.51,9.85,3.23,25.05,7.65,13.36,9.75
12/11/2002 16:00:00,35.15,42.43,33.75,33.26,39.49,19.5,12.81,22.33,8.93,28.86,19.17,7.57,10.04,3.23,25.1,7.8,13.39,9.91
12/12/2002 16:00:00,35,42.7,33.83,33.01,39.21,19.8,13.31,22.43,8.95,28.9,18.83,7.57,10.07,3.31,25.25,7.85,13.39,10.68
12/13/2002 16:00:00,34.63,42.6,33.98,33.3,39.06,19.8,13.05,22.35,8.85,28.97,18.68,7.69,10.4,3.33,25.46,8.12,13.72,10.01
12/16/2002 16:00:00,35.4,43.95,34.03,33.53,40,19.98,13.19,22.14,9.25,29.44,18.49,7.71,10.35,3.39,25.21,8,13.65,9.88
12/17/2002 16:00:00,35.9,43.29,34.28,34.59,41.18,20.18,13.5,22.66,9.1,30.48,18.91,7.75,10.32,3.49,26.3,8.05,13.87,10.13
12/18/2002 16:00:00,35.38,42.58,33.85,33.79,40.16,20.06,13.38,22.1,9.5,30.22,18.73,8,10.15,3.56,26.35,7.97,13.72,10.05
12/19/2002 16:00:00,35.15,42.51,33.46,33.61,39.6,20.02,13.38,21.6,9.49,29.82,18.66,8.05,9.97,3.6,26.9,7.9,13.58,9.79
12/20/2002 16:00:00,35.65,43.21,33.13,34.24,39.85,20.03,13.35,21.73,9.63,30.56,18.7,8.24,10.13,4.03,26.75,7.88,13.79,9.25
12/23/2002 16:00:00,36.05,43.94,33.48,34.99,40.63,20,13.08,22,9.64,31.35,19.04,8.33,10.35,4,26.3,7.95,13.82,9.51
12/24/2002 16:00:00,35.75,44.06,33.42,35.13,40.6,20.05,13.08,21.72,9.58,31.48,18.92,8.22,10.45,3.88,26.55,8.1,13.94,9.69
12/26/2002 16:00:00,35.62,44.12,33.4,34.72,40.06,20.07,13.38,21.43,9.61,31.48,18.75,8.39,10.33,3.83,26.65,8.13,13.9,9.66
12/27/2002 16:00:00,35.35,43.41,33.46,34.78,40.17,20.08,13.23,21.29,9.7,31.4,18.58,8.3,10.27,3.75,26.4,8.03,13.79,9.38
12/30/2002 16:00:00,34.88,44,33.15,35.15,40.8,20.05,12.92,21.09,9.82,31.63,18.31,8.2,10.09,3.69,26.15,7.88,13.58,9.2
12/31/2002 16:00:00,34.74,44.02,33.23,35.75,40.8,20.03,13.08,20.86,9.68,31.2,18.5,8.25,9.99,3.68,26.05,7.9,13.67,9.24
1/2/2003 16:00:00,35,45.18,33.6,35.81,40.85,20.02,13.08,21.15,9.82,32.49,18.6,8.36,10.11,3.78,26.05,7.82,13.58,9.53
1/3/2003 16:00:00,35.25,44.78,33.91,36.06,41,19.68,13.48,21.43,9.8,32.22,18.88,8.4,10.31,3.83,26.69,8.16,13.91,9.61
1/6/2003 16:00:00,35.45,46.68,34.17,36.47,40.8,20,13.85,21.23,9.62,32.38,18.77,8.51,10.22,3.94,26.8,8.24,13.91,9.49
1/7/2003 16:00:00,36.05,45.53,34.88,36.2,41.05,19.9,13.77,21.21,9.32,31.93,19,8.3,10.18,4.03,26.65,8.3,13.99,9.46
1/8/2003 16:00:00,35.15,44.61,34.23,34.76,40.09,20,13.96,20.25,9.15,30.68,18.46,8.15,9.69,4.03,26.2,7.99,13.55,9.1
1/9/2003 16:00:00,35.1,45.49,34.08,34.76,39.97,19.97,13.99,20.63,9.07,31,18.05,8.24,9.7,4.08,26.15,7.74,13.73,9.53
1/10/2003 16:00:00,35.35,45.28,34.25,35.48,40.6,20.18,14.19,20.73,8.95,31.14,18.22,8.28,9.82,4.3,26.3,7.75,13.76,9.54
1/13/2003 16:00:00,35.19,45.03,34.39,35.03,40.35,20.3,14.69,20.81,9.2,30.95,17.88,8.2,9.84,4.38,26.55,7.88,13.63,9.82
1/14/2003 16:00:00,34.98,44.8,34.12,34.56,39.5,20.6,14.77,20.6,9.35,30.59,18.01,8.15,9.78,4.49,26.55,7.98,13.58,9.75
1/15/2003 16:00:00,35.4,44.2,34.34,34.73,39.35,20.56,14.25,20.48,9.35,30.94,18.2,8.06,9.73,4.41,26.77,8.03,13.79,9.38
1/16/2003 16:00:00,35.18,44.41,34.33,34.73,39.31,20.7,14.12,20.8,9.43,31.18,18.38,8.13,9.94,4.37,26.78,8.18,13.87,9.6
1/17/2003 16:00:00,35.09,43.89,34.16,34.89,39.46,20.69,14.15,20.69,9.48,31.03,18.39,8.19,9.9,4.29,26.63,8.14,13.74,9.57
1/21/2003 16:00:00,34.49,41.88,33.79,33.94,37.74,20.54,13.96,20.36,9.44,30.34,18.13,8.26,9.82,3.95,26.51,8.32,13.58,9.25
1/22/2003 16:00:00,33.76,41.21,33.2,33.44,36.8,20.36,14.22,19.38,9.2,29.55,18.03,8.01,9.57,3.83,26.11,8.39,13.48,8.75
1/23/2003 16:00:00,33.35,41.23,32.73,32.45,37.08,20.3,14.04,19.04,9.32,29.61,18.14,7.94,9.59,3.73,26.32,8.5,13.66,9.28
1/24/2003 16:00:00,33.2,40.45,32.42,32.63,36.76,20.55,14.05,19.08,9.45,29.43,18.05,7.6,9.57,3.63,26.2,8.6,13.89,9.3
1/27/2003 16:00:00,32.5,39.43,31.73,31.75,34.93,20.66,13.77,18.68,9.36,28.59,17.67,7.55,9.26,3.35,25.35,8.51,13.52,9.13
1/28/2003 16:00:00,32.25,40.25,31.11,32.1,35.49,20.8,14,18.08,9.43,28.77,17.38,7.69,9.04,3.46,25.25,8.38,13.21,9
1/29/2003 16:00:00,32.96,41.35,31.99,32.81,36.99,21.08,14.08,18.33,9.25,29.58,17.65,7.6,9.23,3.44,25.35,8.44,13.55,9.2
1/30/2003 16:00:00,34.43,40.62,32.74,33.38,38.28,21.15,14.12,19.15,9.43,29.74,18.3,7.8,9.63,3.64,25.77,8.53,13.91,9.39
1/31/2003 16:00:00,33.1,41.89,31.13,32.94,37.51,21.1,13.82,18.45,9.4,29.72,18.03,7.75,9.48,3.63,25.55,8.38,13.53,9.28
8/30/2002 16:00:00,34.75,45.2,37.65,34.98,46,20.48,11.69,21.39,10.85,29.92,19.68,8.35,8.57,3.94,27.65,8.89,13.98,7.43
8/28/2002 16:00:00,36.35,44.9,38.63,36.05,48.25,20.13,11.78,21.79,10.93,30.86,19.48,8.54,8.95,3.83,27.64,9.05,14.15,7.58
9/3/2002 16:00:00,34.25,42.66,37.63,34.4,45,20.6,11.96,21.02,10.9,30.08,20.04,8.45,8.59,3.98,27.7,8.95,14.06,7.41
9/4/2002 16:00:00,33.62,43.01,36.5,32.75,43.8,20.45,11.86,20.29,10.9,29.5,20.18,8.2,8.44,3.98,27,8.86,13.81,6.9
8/29/2002 16:00:00,35.02,44.83,38.13,34.91,46.6,20.15,11.85,21.28,11,29.5,19.55,8.39,8.66,3.73,27.6,8.99,13.82,7.39
9/5/2002 16:00:00,33.06,42.09,36.39,32.98,42.2,20.41,11.73,20.5,10.53,29.53,19.59,8.16,8.35,4.05,26.45,8.9,13.7,6.88
9/6/2002 16:00:00,34.71,43.26,37.13,34.63,44.15,20.6,11.87,20.8,10.5,30.59,19.8,8.21,8.63,4.03,27.2,8.75,14.15,6.97
9/9/2002 16:00:00,34.25,43.2,37.3,34.95,43.83,20.5,12.04,21.12,10.68,30.71,19.52,8.22,8.61,4.03,28.15,8.82,14.15,6.88
9/10/2002 16:00:00,34.39,43.64,37.13,35.55,44.71,20.8,12.05,21.3,10.63,30.88,19.59,8.4,8.68,4.12,28.4,8.61,14.06,6.9
9/11/2002 16:00:00,35.8,44.24,38.25,36.17,45.36,20.65,12.23,22.15,10.58,31.2,19.95,8.45,8.88,4.31,27.5,8.55,14.35,8
9/12/2002 16:00:00,34.43,43,37.1,35.64,44.08,20.5,12.3,21.65,10.5,30.49,20,8.15,8.88,4.29,27.62,8.54,14.25,7.14
9/13/2002 16:00:00,33.59,42.96,36,34.08,42.8,20.4,11.85,20.85,10.5,30.05,19.63,8.15,8.72,4.21,26.46,8.45,13.99,6.93
9/16/2002 16:00:00,33.83,43.4,36.5,34.51,43.25,20.7,11.85,21.31,10.58,30.18,19.5,8.2,8.81,4.24,26.69,8.53,13.82,7.05
9/17/2002 16:00:00,34.4,41.99,36.88,34.17,43.59,20.44,11.62,20.83,10.88,29.56,19.52,8.1,8.75,4,26.9,8.53,13.84,7.24
9/18/2002 16:00:00,33,41.23,35.68,33.15,41.25,19.92,11.44,20.86,10.65,28.8,19.04,7.75,8.73,3.73,26.75,8.44,13.6,6.98
9/19/2002 16:00:00,32.56,40.55,35.35,32.48,41.15,20.5,11.7,20,10.75,28.38,18.99,7.75,8.63,3.74,27.3,8.37,13.59,6.82
2/3/2003 16:00:00,34.16,41.83,32.21,33.96,39.01,21.15,14.09,18.86,9.53,29.82,18.37,7.69,9.69,3.73,25.7,8.56,14.02,9.56
2/4/2003 16:00:00,34.5,41.78,32.4,34,38.75,21.21,14.27,18.85,9.49,29.62,18.9,7.61,9.67,3.64,26.08,8.72,13.91,9.43
2/5/2003 16:00:00,34.98,41.5,32.9,33.89,39.15,21.38,14.27,19.43,9.5,29.39,19.23,7.64,10,3.63,26.69,8.63,14.13,9.63
2/6/2003 16:00:00,33.7,40.04,32.53,33.37,38.72,21.7,14.23,19.02,9.46,29.03,18.84,7.4,9.91,3.45,26.99,8.41,13.91,9.36
2/7/2003 16:00:00,33.85,39.89,32.3,32.57,37.7,21.65,14.08,19.08,9.6,28.98,18.66,7.55,9.89,3.56,27.9,8.28,14.09,9.64
2/10/2003 16:00:00,33.55,39.94,31.93,32.48,37.68,21.35,14.39,18.93,9.57,29.06,18.47,7.67,9.82,3.45,26.9,8.4,13.94,9.52
2/11/2003 16:00:00,33.85,39.57,32.55,32.31,38.45,21,13.96,19.54,9.57,28.97,18.68,7.68,9.92,3.63,26.67,8.51,13.97,10
2/12/2003 16:00:00,33.37,38.58,31.92,31.89,38.11,21.3,13.97,19.38,9.46,28.8,18.35,7.75,9.82,3.53,26.55,8.57,13.97,9.8
2/13/2003 16:00:00,32.7,38.83,31.45,31.49,37.68,21.25,13.97,19.08,9.52,28.8,18.28,7.73,9.58,3.51,26.65,8.53,13.73,9.63
2/14/2003 16:00:00,33.05,39.31,31.53,32.03,38.1,21.22,13.92,19.51,9.48,29.08,18.3,7.67,9.64,3.46,26.9,8.57,13.81,9.49
2/18/2003 16:00:00,33.7,39.82,32.16,33.25,38.7,20.95,13.85,19.37,9.47,29.44,18.56,7.7,9.74,3.45,26.71,8.45,13.87,9.4
2/19/2003 16:00:00,33.8,39.56,32.01,33.52,38.33,20.85,13.78,19.83,9.49,29.34,18.86,7.53,9.87,3.5,26.99,8.73,13.97,9.76
2/20/2003 16:00:00,34,39.31,32.5,33.09,38.92,20.8,14.16,19.93,9.5,29.49,18.87,7.49,9.93,3.51,26.9,8.7,13.93,9.7
2/21/2003 16:00:00,33.95,40.36,32.05,33.15,38.83,20.75,14.23,20.55,9.65,29.82,18.56,7.45,10.05,3.47,27.07,8.84,13.86,9.74
2/24/2003 16:00:00,33.93,40.1,32.09,33.66,39.7,20.9,14.35,20.98,9.82,30.31,19.06,7.51,10.15,3.48,26.99,8.9,13.96,10
2/25/2003 16:00:00,33.65,39.61,32.14,32.95,39.5,21,14.46,21.2,9.7,29.64,18.93,7.57,10.53,3.31,27.4,9.15,14.14,10.2
2/26/2003 16:00:00,33.91,39.01,31.96,33.15,39.59,20.95,14.7,20.4,9.74,29.72,19.04,7.7,10.46,3.32,26.98,9,13.91,9.93
2/27/2003 16:00:00,33.94,38.87,32.37,32.35,38.47,21,14.67,20.78,9.79,30.22,19.42,7.61,10.62,3.28,27.55,9.19,14.13,10.23
2/28/2003 16:00:00,34.15,39.67,32.08,32.5,37.6,21,14.38,20.53,9.99,29.46,19.5,7.7,10.43,3.29,27.68,9,14.18,10.05
3/3/2003 16:00:00,34.39,40.51,32.27,33.39,38.9,21.25,14.5,20.73,10.05,29.15,19.48,7.75,10.33,3.39,27.77,9.23,14.37,10.23
3/4/2003 16:00:00,34.7,40.14,32.35,33.1,39.28,21.1,14.61,20.16,10.04,29.14,19.73,7.85,10.29,3.38,27.68,8.93,14.38,10.19
3/5/2003 16:00:00,34.23,40.23,32.4,32.99,39.5,21.11,14.57,20.21,10.05,29.3,19.63,7.9,10.29,3.28,27.92,8.91,14.41,10
3/6/2003 16:00:00,34.75,40.09,32.98,33.15,39.2,20.6,14.15,20,10.2,28.9,19.44,7.85,10.33,3.26,27.75,8.85,14.45,9.98
3/7/2003 16:00:00,34.1,39.45,32.4,32.88,39.1,20.61,13.88,20.13,10.18,28.74,19.37,7.75,10.43,3.3,28.25,8.82,14.38,10.34
3/10/2003 16:00:00,34.79,38.71,32.6,32.6,38.7,20.6,13.92,20.33,10.09,28.17,19.67,7.75,10.46,3.38,27.57,8.95,14.44,10.35
3/11/2003 16:00:00,34.75,38.86,32.28,32.41,38.35,20.8,13.92,19.5,10.04,27.79,19.46,7.78,10.59,3.37,27.45,9,14.5,10.14
3/12/2003 16:00:00,34.57,37.53,31.87,31.02,37.35,20.74,13.96,18.98,10.1,26.72,19.33,7.82,10.44,3.55,27.26,8.93,14.39,9.77
3/13/2003 16:00:00,34.38,38.77,32.08,30.94,37.25,20.67,14.08,19.05,10.03,26.64,19.19,7.85,10.34,3.74,27.13,8.71,14.19,9.78
3/14/2003 16:00:00,34.55,38.9,31.91,31.46,38.1,21.1,14.58,18.99,10.13,26.2,19.2,7.77,10.09,3.84,27.2,8.6,14.44,9.72
3/17/2003 16:00:00,34.45,40.15,31.8,31.93,38.5,20.65,14.27,18.86,10.25,26.51,19.28,7.75,9.94,3.68,26.63,8.53,14.51,9.7
3/18/2003 16:00:00,34.98,40.31,32.35,32.75,39.45,20.87,14.46,19.04,10.4,27.22,19.44,7.39,9.88,3.77,26.62,8.56,14.61,10.03
3/19/2003 16:00:00,35.3,40.64,32.85,31.96,39.2,20.77,14.08,19.75,10.36,27.36,19.52,7.32,10.07,3.82,25.94,8.43,14.61,10.5
3/20/2003 16:00:00,35.37,40.54,32.92,32.42,39.36,20.9,13.15,19.61,10.19,27.36,19.58,7.48,10.02,3.82,25.75,8.42,14.73,10.25
3/21/2003 16:00:00,36,41,33.33,32.14,40.33,21.01,13.54,19.98,10.21,27.52,19.93,7.52,10.18,3.99,26.4,8.54,14.68,10.7
3/24/2003 16:00:00,35.95,39.83,32.78,31.72,39.65,21.01,13.69,19.47,10.3,27.03,19.69,7.51,9.84,3.95,26.3,8.35,14.17,10.35
3/25/2003 16:00:00,35.65,41.18,32.62,32.05,39.9,21.02,14,19.08,10.2,27.22,19.63,7.51,9.71,3.78,26.5,8.38,14.11,10.16
3/26/2003 16:00:00,35.75,41.73,33.13,32.53,40.45,21.06,14.5,19.1,10.31,27.29,19.87,7.57,9.82,3.84,26.65,8.4,14.11,10.45
3/27/2003 16:00:00,35.7,41.1,32.6,31.44,40.45,21.1,14.51,19.05,10.15,26.42,19.77,7.79,9.72,3.7,26.65,8.34,13.99,10.44
3/28/2003 16:00:00,35.62,41.7,32.5,31.73,39.25,21.3,14.66,19.21,10.31,26.84,20.05,7.58,9.87,3.74,27.05,8.52,14.23,10.98
3/31/2003 16:00:00,35.45,40.75,32.4,31.73,38.6,20.95,15.15,19.44,10.38,26.8,20.43,7.68,10,3.8,27.15,8.7,14.2,10.01
4/1/2003 16:00:00,35.25,42.08,32.41,32.25,39.36,21,15.31,19.05,10.38,27.1,20.51,7.77,9.95,3.84,26.5,8.74,14.51,10.37
4/2/2003 16:00:00,35.69,41.7,32.56,32.67,38.62,21.28,15.3,19.04,10.43,27.56,20.16,7.92,9.88,4.09,26.57,8.55,14.75,10.5
4/3/2003 16:00:00,35.71,41.68,32.38,33.19,38.8,21.3,14.96,19.17,10.59,28.44,20.37,7.85,9.99,4.11,26.5,8.55,14.86,10.63
4/4/2003 16:00:00,35.26,42.12,32.38,33.5,39.3,21.26,14.77,18.93,10.72,28.66,20.2,7.84,9.73,4.16,26.6,8.57,14.77,10.4
4/7/2003 16:00:00,35.98,42.32,32.88,34.13,40,21.41,14.56,18.86,10.76,29.08,20.18,7.8,9.53,4.33,26.11,8.44,15.02,10.45
4/8/2003 16:00:00,35,42.34,32.05,33.65,38.4,21.45,14.38,18.85,10.61,29.04,19.52,7.76,9.38,4.14,26.25,8.18,14.68,10.45
4/9/2003 16:00:00,34.9,42.5,32.33,33.85,38.61,21.6,14.23,18.89,10.65,29.02,19.57,7.76,9.24,3.94,25.4,8.18,14.67,10.48
4/10/2003 16:00:00,34.49,42.21,32.08,33.3,38.7,21.39,14.52,19.18,11.18,28.8,19.4,7.65,9.37,3.91,25.6,8.19,14.53,10.5
4/11/2003 16:00:00,34.6,42.17,31.98,33.26,39,21.37,14.46,19.37,10.85,28.68,19.48,7.7,9.63,3.93,25.83,8.21,14.5,10.69
4/14/2003 16:00:00,34.26,42.67,31.79,32.95,38.67,21.35,14.52,18.04,10.87,28.52,19.44,7.52,9.56,3.93,25.42,8.25,14.4,10.88
4/15/2003 16:00:00,34.89,42.85,31.93,33.17,39.18,21.67,14.69,19.45,10.8,28.86,19.57,7.62,9.51,3.97,25.75,8.28,14.54,10.8
4/16/2003 16:00:00,35.17,42.65,32.2,33.57,39.08,21.51,14.91,18.93,11.13,29.04,19.55,7.6,9.64,4.12,25.75,8.28,14.62,10.39
4/17/2003 16:00:00,34.47,43.34,31.73,33.32,38.86,21.53,15,18.66,11,28.87,19.35,7.73,9.43,4.22,25.99,8.35,14.42,10.07
4/21/2003 16:00:00,35.1,43.22,32.22,33.45,38.87,21.5,14.99,19.45,11.02,28.8,19.46,7.71,9.69,4.26,25.45,8.4,14.64,10.48
4/22/2003 16:00:00,34.56,43.69,31.98,33.33,38.84,21.2,15.12,19.6,11.12,28.88,19.47,7.85,9.77,4.24,26.17,8.5,14.69,10.36
4/23/2003 16:00:00,35.17,42.76,32.45,34.15,39.89,20.95,14.87,20.32,11.3,28.93,19.71,8.04,9.9,4.29,25.75,8.49,14.7,10.55
4/24/2003 16:00:00,35.05,42.07,32.08,33.85,38.92,20.85,14.65,20.83,11.3,28.8,19.64,8,9.71,4.36,25.75,8.48,14.58,10.75
4/25/2003 16:00:00,35,40.93,31.85,32.62,38.36,21.5,14.62,20.93,11.55,27.7,19.39,8.01,9.54,4.32,25.5,8.34,14.2,10.78
4/28/2003 16:00:00,34.88,41.69,31.72,32.58,38.31,21.8,14.66,20.7,11.26,28.08,19.1,8.1,9.56,4.28,25.56,8.27,14.49,10.62
4/29/2003 16:00:00,35.25,41.16,31.63,33.12,38.29,23.13,15.18,20.88,11.23,28.32,19.36,8.1,9.48,4.47,26.15,8.17,14.47,10.63
4/30/2003 16:00:00,34.72,40.88,31.5,33.1,38.16,23.1,15.23,20.7,11.38,28.62,19.07,8.05,9.24,4.61,26.17,8.18,14.35,10.51
5/1/2003 16:00:00,35.32,41.35,31.58,32.92,38.95,23.3,15.35,21.15,11.27,28.56,19.26,7.84,9.32,4.62,26.18,8.3,14.37,10.75
5/2/2003 16:00:00,35.48,42.35,31.95,33.45,38.74,23.7,15.19,21.3,10.93,28.54,19.32,7.99,9.27,4.63,26.6,8.47,14.3,10.69
5/5/2003 16:00:00,36.15,42.58,33,34.73,39.4,23.7,15.27,21.65,11.23,29.42,19.63,8.01,9.37,4.64,26.75,8.53,14.79,10.98
5/6/2003 16:00:00,35.48,43.68,33.6,35.25,40.23,23,14.51,21.83,11,29.92,19.65,7.85,9.44,4.63,26.25,8.5,14.7,11.11
5/7/2003 16:00:00,35.21,43.63,33.59,35.72,39.95,23.3,14.54,22.36,10.88,30.24,19.72,7.91,9.34,4.7,26.15,8.53,14.7,11.33
5/8/2003 16:00:00,35.2,43.35,33.33,35.63,39.5,23.37,14.55,22.5,11,30.5,19.74,8.13,9.32,4.76,25.95,8.6,14.67,11.77
5/9/2003 16:00:00,35.33,44.29,33.67,35.6,39.6,23.1,14.62,22.35,11.09,30.5,19.56,8.34,9.31,4.78,26.25,8.63,14.86,11.88
5/12/2003 16:00:00,35.37,44.54,33.8,36.16,40.1,23.6,14.49,22.43,11.55,30.24,19.37,8.24,9.52,4.83,26.55,8.74,14.85,11.5
5/13/2003 16:00:00,35.59,44.61,34.13,34.99,40.2,23.25,14.42,22.76,11.78,30.24,19.61,8.12,9.59,5.04,26.72,8.71,14.71,11.58
5/14/2003 16:00:00,35.57,44.74,34.58,35.13,40.58,23.1,14.48,22.99,11.75,30.25,19.88,8.21,9.75,5.06,26.95,8.75,14.9,11.95
5/15/2003 16:00:00,35.32,44.82,33.56,34.83,40.6,23.15,14.77,23.43,11.85,30.37,19.78,8.17,9.88,5,27.25,8.88,14.9,12.11
5/16/2003 16:00:00,35.3,45.5,33.57,35.59,40.9,23.1,14.96,23.45,11.94,30.68,19.82,8.24,9.96,5,27.5,8.82,14.9,12.19
5/19/2003 16:00:00,35.17,44.29,33.42,35.6,40.65,22.95,14.8,23.58,12.23,31.16,19.81,8.4,9.99,4.81,26.71,8.78,14.83,11.84
5/20/2003 16:00:00,35.19,44.83,33.3,35.21,40.7,23,14.85,23.38,12.12,30.56,19.86,8.5,9.96,4.65,27,8.88,14.92,11.58
5/21/2003 16:00:00,35.32,44.92,33.34,35.2,40.31,23.55,14.96,23.03,11.88,30.6,19.79,8.51,9.8,4.76,26.85,9.12,14.84,11.48
5/22/2003 16:00:00,35.64,45.33,33.73,35.75,41.37,24.57,15.45,23.63,11.9,31.25,20.19,8.56,10.28,4.82,28.05,9.17,15.35,11.98
5/23/2003 16:00:00,35.85,45.21,33.82,35.72,41.36,24.82,15.92,23.57,11.9,31.77,20.16,8.53,10.33,4.84,28.65,9.22,15.59,11.78
5/27/2003 16:00:00,35.8,45.85,34.25,35.55,41.15,25.5,16.08,23.28,11.9,31.9,20.26,8.65,10.5,4.65,28.96,9.2,15.69,11.87
5/28/2003 16:00:00,36.51,45.55,35.13,36.11,42.25,25.85,16.27,24.22,11.38,32.24,20.74,8.74,10.73,4.8,29.02,9.32,16.09,12
5/29/2003 16:00:00,36.45,45.37,35.42,36.5,42.18,25.5,16.65,23.85,11.52,32.52,20.66,8.65,10.6,4.9,28.45,9.22,15.95,11.88
5/30/2003 16:00:00,35.97,45.55,35.17,36.21,41.99,25,16.52,23.66,11.16,32.36,20.32,8.82,10.59,4.83,27.7,9.23,15.84,11.58
6/2/2003 16:00:00,36.53,45.53,35.75,36.61,42.05,25.72,16.81,24.22,11.19,32.32,20.67,8.8,10.8,4.84,29.1,9.2,16.24,11.9
6/3/2003 16:00:00,36.73,46.01,36.04,37.02,42.45,26.25,16.92,24.18,11.22,32.41,21.06,8.82,10.78,4.8,29.1,9.39,16.15,11.55
6/4/2003 16:00:00,36.97,46.79,36.49,37.65,42.9,26.05,17.3,23.13,11.3,32.68,21.04,8.82,11.06,4.91,29.49,9.4,16.22,11.7
6/5/2003 16:00:00,37.3,46.75,36.89,37.71,43.34,26.3,17.12,23.3,11.36,32.9,21.06,8.91,10.99,5.07,28.69,9.42,16.39,11.73
6/6/2003 16:00:00,37.29,46.78,37.15,38.35,43.6,26.64,17.38,23.53,11.55,33,21.12,8.83,11.01,5.21,28.2,9.7,16.25,11.93
6/9/2003 16:00:00,37.26,46.4,36.92,38.03,42.56,27.25,17.46,23.6,11.47,32.43,20.58,9.03,10.92,5.2,27.7,9.51,15.91,11.94
6/10/2003 16:00:00,37.6,47.29,37.08,38.34,43.41,26.83,17.68,23.93,11.39,32.4,20.87,9.02,10.85,5.1,27.16,9.41,16.11,11.83
6/11/2003 16:00:00,37.75,48.85,37.37,39.25,43.98,26.8,18.04,24.23,11.52,32.7,20.89,9.09,10.84,4.96,27.3,9.64,16.22,12
6/12/2003 16:00:00,38.2,49.1,37.86,40.28,45.25,27.5,18.77,24.89,11.65,32.92,21.08,9.18,11.31,5.07,28.55,9.81,16.43,12.69
6/13/2003 16:00:00,38.19,48.33,37.81,40.05,44.56,27.56,18.34,24.68,11.58,33.42,21.01,9.1,10.94,5.16,29.01,9.7,16.31,12.32
6/16/2003 16:00:00,37.93,49.79,37.28,40.38,44.6,27.6,18.65,24.1,11.48,33.8,20.89,9.06,10.65,5.25,28.78,9.72,16.26,12.17
6/17/2003 16:00:00,38.31,48.84,37.25,40.06,43.89,27.55,18.46,24.03,11.58,33.72,20.87,8.95,10.49,5.18,29.4,9.6,16.31,12.25
6/18/2003 16:00:00,37.67,48.86,37.16,39.97,44.05,27.8,17.69,23.76,11.45,33.4,20.9,8.78,10.44,5.14,29.45,9.55,16.15,12.32
6/19/2003 16:00:00,37.3,48.15,37.05,39.89,43.55,27.8,18.04,23.62,11.28,32.66,20.86,8.7,10.33,5.07,29.5,9.53,16.24,12.26
6/20/2003 16:00:00,36.98,48.19,37.08,39.97,43.85,28.75,18.15,23.93,11.38,32.64,20.96,8.66,10.53,4.93,29.4,9.5,16.2,11.58
6/23/2003 16:00:00,36.83,47.64,36.78,39.37,43.37,29.15,18.73,23.64,11.26,30.6,20.93,8.64,10.45,4.87,29.35,9.27,16.02,11.5
6/24/2003 16:00:00,36.94,47.66,36.81,39.14,43,28.95,18.54,23.5,11.22,31.12,20.92,8.87,10.54,4.73,29.16,9.34,16.14,11.07
6/25/2003 16:00:00,36.84,47.56,36.75,38.94,42.68,29.6,18.58,23.9,11.3,31.34,20.93,8.73,10.5,4.79,28.95,9.37,16.06,11.6
6/26/2003 16:00:00,36.45,47.15,36.5,38.54,42.47,30.95,18.76,23.98,11.3,31.04,20.72,8.57,10.73,4.78,29,9.48,16.15,11.72
6/27/2003 16:00:00,36.63,46.76,36.4,37.96,41.82,30.69,18.48,23.98,11.4,30.66,20.82,8.52,10.41,4.75,29.4,9.29,16.11,11.68
6/30/2003 16:00:00,36.43,46.62,36.17,38.13,42.44,30.13,18.5,24,11.48,30.8,20.94,8.52,10.6,4.85,29.55,9.23,16.12,11.57
7/1/2003 16:00:00,35.79,46.58,36.1,37.7,42.02,30.11,18.62,23.79,11.25,29.72,20.87,8.55,10.46,4.9,29.6,9.36,16.1,11.5
7/2/2003 16:00:00,36.03,46.69,36.23,37.44,41.18,29.51,18.38,23.93,11.39,29.94,20.98,8.77,10.34,4.97,29.85,9.35,16.16,11.36
7/3/2003 16:00:00,36.1,46.15,36.25,37.85,41.03,27.4,18.23,24.02,11.63,29.72,20.89,8.55,10.23,4.98,29.75,9.43,16.23,11.27
7/7/2003 16:00:00,36.1,46.47,36.13,37.65,41.6,28.9,18.85,24,11.6,30.27,20.85,8.32,10.38,5.09,30.85,9.51,16.22,11.12
7/8/2003 16:00:00,35.85,46.29,36.53,37.65,40.75,28.75,18.95,23.75,11.55,30.2,20.55,8.38,10.07,5.1,31.15,9.4,16.12,11
7/9/2003 16:00:00,35.65,45.5,36.72,37.48,40.45,29,19.92,23.85,11.72,30.02,20.3,8.3,10.07,5.17,31.5,9.15,16.05,11.93
7/10/2003 16:00:00,35.86,45,36.4,36.6,39.95,29,20.31,24,11.73,29.57,20.31,8.12,10.07,5.15,30.85,9.13,16.1,10.93
7/11/2003 16:00:00,35.32,45.5,36.16,36.92,40.2,28.59,19.73,23.33,11.85,29.82,20.2,8.18,9.89,5.11,30.15,9.05,15.79,11.48
7/14/2003 16:00:00,35.62,45.29,36.6,37.38,40.39,29,20.08,23.7,11.8,30.16,20.64,8.27,9.88,5.15,31.25,9.13,16.04,11.49
7/15/2003 16:00:00,35.4,44.51,36.1,37.13,39.64,29.45,20.38,23.18,11.78,30.13,20.45,8.3,9.67,5.21,31.16,9.11,15.69,11.1
7/16/2003 16:00:00,35.27,44.61,35.69,36.53,39.5,28.68,20.38,23.1,11.05,29.48,20.21,8.45,9.57,5.29,31,9.11,15.21,10.93
7/17/2003 16:00:00,34.92,45.12,35.73,36.42,39.74,28.02,19.92,22.85,10.9,29.58,20.16,8.51,9.44,5.26,30.55,9.05,14.71,10.63
7/18/2003 16:00:00,35.5,45.83,35.95,36.85,40.15,28.3,20.23,22.97,10.63,29.7,20.39,8.47,9.74,5.26,31,9.05,15.35,10.33
7/21/2003 16:00:00,35.8,45.38,36.35,36.98,40.58,29.05,20.81,24,10.96,29.94,20.49,8.62,9.94,5.29,31.6,9.07,15.67,11.28
7/22/2003 16:00:00,35.41,45.95,36.34,37,40.47,28.5,20.32,23.57,10.98,30,19.94,8.56,9.86,5.32,31.35,9.35,15.82,10.8
7/23/2003 16:00:00,35.72,46.05,36.3,37.3,41.08,27.94,19.62,23.48,10.99,30.08,20.54,8.73,9.8,5.3,31.1,9.3,15.62,10.85
7/24/2003 16:00:00,35.74,45.56,36.13,37.42,41.34,28,19.58,23,11,30.12,20.35,8.85,9.73,5.29,30.71,9.39,15.69,10.71
7/25/2003 16:00:00,35.25,44.66,35.85,37.4,41,28.18,19.58,22.55,10.81,30.38,20.2,8.94,9.53,5.23,30.96,9.35,15.62,10.58
7/28/2003 16:00:00,35.7,44.55,36.3,37.58,41.7,28.5,19.77,22.87,10.99,30.5,20.16,8.91,9.72,5.18,32.4,9.49,15.86,10.43
7/29/2003 16:00:00,35.75,43.9,36.13,37.53,41.54,29.8,20.54,23.08,10.85,30.58,20.06,8.87,9.8,5.2,35.55,9.38,15.87,10.6
7/30/2003 16:00:00,35.68,43.34,36.05,37.02,41.72,29.6,20.54,22.49,10.95,30.18,20.13,8.85,9.77,5.21,33.7,9.26,15.64,10.5
7/31/2003 16:00:00,35.87,43.58,36.25,37.08,41.8,29.8,21,22.6,10.97,30.04,20.07,9,9.68,5.15,34.51,9.21,15.76,10.88
8/1/2003 16:00:00,35.57,43.03,36.15,36.34,41.07,30.4,21.38,22.53,10.95,29.04,19.95,9.01,9.7,5,35.05,9.15,15.62,10.99
8/4/2003 16:00:00,35.5,43.28,35.51,36.92,41.45,30.56,22.5,22.76,10.68,29.56,19.93,8.95,9.65,4.75,34.45,9.16,15.57,11.22
8/5/2003 16:00:00,35.7,43.21,35.38,36.98,41.75,30.45,22.23,22.55,10.61,29.29,20.03,8.98,9.55,4.72,33.9,9.05,15.5,11.19
8/6/2003 16:00:00,35.4,43.5,35.38,37.09,41.34,29.95,21.7,22.33,10.8,29.28,19.93,8.94,9.68,4.84,33,9.09,15.43,11.2
8/7/2003 16:00:00,35.61,44.62,35.47,37.19,41.41,29.4,21.38,22.75,10.68,29.6,20.14,9.05,9.75,4.76,32.67,9.04,15.64,11.33
8/8/2003 16:00:00,36.35,44.97,36.38,38.72,42.73,29.35,21.5,23.33,10.68,30.5,20.56,9.35,10.12,5.09,32,9.3,16.05,11.63
8/11/2003 16:00:00,36.5,45.86,36.52,39.13,42.69,29.6,22.08,23.27,10.73,31.01,20.56,9.37,10.1,5.16,32.85,9.3,15.8,11.72
8/12/2003 16:00:00,36.75,45.77,36.67,39.23,43.3,30.05,22.46,23.46,10.73,31.1,20.58,9.2,10.19,5.17,33.7,9.52,15.98,11.7
8/13/2003 16:00:00,36.8,45.43,37.13,39.1,42.5,30.5,22.69,23.8,10.61,31.12,20.85,9.19,10.44,5.14,34,9.51,16.19,11.67
8/14/2003 16:00:00,36.75,46.11,36.86,39.1,42.56,30.45,22.68,23.73,10.62,31.27,20.86,8.93,10.35,5.18,33.85,9.43,16.31,11.58
8/15/2003 16:00:00,36.94,46.09,36.53,39.92,42.65,30.1,22.65,23.8,10.53,31.56,20.93,8.89,10.25,5.18,34.05,9.34,16.3,11.65
8/18/2003 16:00:00,36.86,46.16,36.53,39.44,42.7,30.27,22.96,23.75,10.75,31.37,20.84,8.97,10.36,5.26,34.35,9.53,16.4,11.83
8/19/2003 16:00:00,36.88,45.56,36.29,39.4,43.54,30.6,23.69,23.95,10.75,31.2,20.91,9,10.14,5.28,33.7,9.55,16.26,11.82
8/20/2003 16:00:00,36.5,45.44,36.05,38.98,42.12,30.65,23.88,24.09,10.75,30.82,20.93,9.07,10.21,5.15,33.06,9.45,16.27,11.65
8/21/2003 16:00:00,36.98,45.32,36.34,39.1,42.1,31.78,24.28,24.76,10.61,30.82,20.91,9.07,10.3,5.17,34.4,9.53,16.44,11.93
8/22/2003 16:00:00,37.15,44.88,36.5,38.63,41.67,33.19,24.69,24.85,10.74,30.42,20.93,9.07,10.4,5.21,34.65,9.57,16.27,11.9
8/25/2003 16:00:00,36.35,44.88,36,38.47,41.8,32.55,21.54,24.22,10.68,30.36,20.68,9,10.44,5.24,33.98,9.53,16.19,11.65
8/26/2003 16:00:00,36.77,44.51,36.1,37.74,41.45,31.85,20.58,23.83,10.72,29.98,20.66,8.84,10.32,5.13,33.55,9.46,16.13,11.5
8/27/2003 16:00:00,37.1,44.65,36.08,37.88,41.52,32.7,21.38,23.84,10.94,30.15,20.7,8.96,10.34,5.24,34.1,9.24,16,11.64
8/28/2003 16:00:00,37.36,45.15,36.17,38.14,41.88,33.55,22.35,23.8,10.95,30.25,20.91,8.9,10.44,5.44,35.5,9.23,16.12,11.8
8/29/2003 16:00:00,37.55,44.87,36.59,38.55,42.2,35.15,23.23,24.65,11.03,30.39,21.17,8.97,10.51,5.44,37.03,9.28,16.34,12.03
9/2/2003 16:00:00,37.79,45.22,36.49,38.6,41.74,35.71,22.5,24.76,11.08,30.12,21.33,9.08,10.6,5.49,37.7,9.43,16.47,12.03
9/3/2003 16:00:00,37.98,45.5,36.95,38.59,42.8,35.35,22.66,24.71,11.13,30.12,21.54,9,10.67,5.49,36.45,9.57,16.91,12.25
9/4/2003 16:00:00,38,45.72,36.97,39,43.08,35.15,22.22,24.42,11.25,30.41,21.65,9.25,10.59,5.76,36.66,9.53,16.82,12.3
9/5/2003 16:00:00,38,45.7,36.78,39.08,42.5,34.9,22.46,23.89,11.18,30.79,21.65,9.4,10.61,5.91,37.5,9.66,16.69,12.15
9/8/2003 16:00:00,38.1,46.42,36.5,39.49,43,34.8,22.92,24.28,11.35,30.96,21.67,9.47,10.42,6.11,36.25,9.64,16.65,12.34
9/9/2003 16:00:00,38.25,45.87,36.99,39.6,42.98,34,22.12,24.55,11.3,31.15,21.55,9.53,10.55,5.96,35.35,9.72,16.98,12.51
9/10/2003 16:00:00,38.1,45.41,36.83,39.48,42.65,32.7,20.92,24.48,11.22,31.09,21.75,9.32,10.34,5.77,35,9.63,16.87,12.26
9/11/2003 16:00:00,38.1,45.62,36.8,39.27,42.83,33.05,21.42,24.13,11.16,31.07,21.63,9.22,10.3,5.96,34.98,9.66,16.88,12.19
9/12/2003 16:00:00,38.01,45.45,36.72,39.37,43.2,33.59,21.78,24.02,11.21,31.26,21.54,9.01,10.21,6,34.98,9.72,16.82,12
9/15/2003 16:00:00,37.7,45.32,36.28,38.78,43.08,33.65,22.08,24.17,11.01,30.9,21.5,8.99,10.25,5.92,34.32,9.74,16.82,12.1
9/16/2003 16:00:00,37.37,45.5,36.47,38.75,42.45,33.75,21.92,24.11,11.08,30.65,21.45,9.12,10.3,5.79,35.4,9.68,16.78,12.09
9/17/2003 16:00:00,37.55,45.08,36.51,38.95,42.88,33.2,21,24.4,11.08,30.6,21.67,9.18,10.38,5.83,33.4,9.68,16.79,12.25
9/18/2003 16:00:00,36.75,45.11,36.14,38.78,42.28,31.9,20,24.13,11.08,30.55,21.27,9.1,10.24,5.86,32.5,9.51,16.7,12.04
9/19/2003 16:00:00,36.85,45.06,36.13,38.66,42.26,31.45,18.85,24.65,11.19,30.82,21.34,9.13,10.38,5.83,31.64,9.35,16.71,12.2
9/22/2003 16:00:00,36.65,44.88,36,38.34,42.13,31,19.22,25.75,11.34,30.59,21.27,9,10.35,5.66,31.8,9.27,16.79,12.24
9/23/2003 16:00:00,36.8,44.68,36.17,38.28,42.37,32.1,20.38,25.54,11.08,30.74,21.23,8.99,10.42,5.65,32.5,9.25,16.83,12.32
9/24/2003 16:00:00,37.38,45,36.51,38.73,42.94,32.6,20.88,25.5,11.35,31.05,21.91,9.31,10.5,5.57,34.35,9.33,17.01,12.79
9/25/2003 16:00:00,37.1,45.16,36.2,38.89,43.1,33.45,21.15,25.45,11.38,31.08,21.29,9.27,10.39,5.66,33.62,9.4,16.87,12.53
9/26/2003 16:00:00,37,44.3,35.78,38.1,42.2,33.05,21.15,24.54,11.22,30.58,21.04,9.05,10.32,5.52,33.71,9.28,16.78,12.38
9/29/2003 16:00:00,36.78,44.64,35.78,37.74,42.05,32.9,20.96,24.36,11.16,30.43,20.77,8.9,10.15,5.61,33.55,9.23,16.79,12.07
9/30/2003 16:00:00,36.77,44.2,35.75,38.33,41.95,33.7,21.23,24.5,11.05,30.74,20.64,8.88,10.21,5.64,33.5,9.32,16.82,12.3
10/1/2003 16:00:00,36.92,45.17,35.8,38.27,42.35,33.75,20.96,24.2,11.25,31.18,20.91,9.15,10.36,5.78,34.43,9.29,17.02,12.13
10/2/2003 16:00:00,37.35,44.5,36.35,38.2,42.35,33.6,21.5,24.67,11.32,31.42,20.69,9.45,10.5,5.83,35.9,9.4,17.23,12.49
10/3/2003 16:00:00,37.9,45.3,36.7,39.08,43.25,34.4,22.21,25,11.1,31.44,21.38,9.45,10.57,6.16,36,9.43,17.37,12.67
10/6/2003 16:00:00,37.86,45.5,36.85,39.03,43.92,34.2,22.18,25.05,11.03,31.41,21.33,9.5,10.68,6.17,36.4,9.34,17.25,12.61
10/7/2003 16:00:00,37.79,45.6,36.67,39.05,43.56,34.06,22,25.18,10.97,31.56,21.5,9.45,10.6,6.22,36.5,9.53,17.26,12.59
10/8/2003 16:00:00,38.27,45.28,37.08,39.67,44,35.7,22.92,25.25,11.03,32.08,21.57,9.57,10.64,6.32,36.98,9.65,17.39,12.68
10/9/2003 16:00:00,38.25,45.45,36.74,39.28,43.6,36.2,23.38,25.25,11.13,32.08,21.44,9.56,10.59,6.32,37.25,9.63,17.45,12.25
10/10/2003 16:00:00,38.1,46.02,36.79,39.66,44.1,37.25,23.6,25.1,10.85,32.42,21.64,9.4,10.53,6.34,38,9.68,17.32,12.26
10/13/2003 16:00:00,38.37,46.56,37.08,39.94,44.2,37.25,23.42,25.4,10.75,32.38,21.91,9.5,10.73,6.4,38.05,9.95,17.53,12.39
10/14/2003 16:00:00,38.45,46.8,37.23,40.17,44.05,36.8,23,25.28,11,32.2,22.1,9.4,10.7,6.48,37.6,9.94,17.56,12.08
10/15/2003 16:00:00,38.75,46.48,37.5,40.29,44.33,36.45,23,25.09,10.86,32.34,22.12,9.62,10.55,6.36,37.29,10.14,17.66,12.19
10/16/2003 16:00:00,38.49,46.68,37.03,39.9,43.9,36.54,23.81,24.5,10.7,32.38,21.95,9.53,10.37,6.28,37.1,10.15,17.49,12.07
10/17/2003 16:00:00,38.91,46.6,37.28,39.51,43.75,36.75,24,25.08,10.75,32.18,22.26,9.59,10.48,6.13,36.9,10.15,17.5,12.15
10/20/2003 16:00:00,38.66,46.4,36.8,39.42,43.65,36.9,24.15,24.78,10.85,31.84,22.11,9.52,10.38,6.1,37.05,10.05,17.32,12.06
10/21/2003 16:00:00,38.63,46.41,37.16,39.4,43.17,36.65,24.27,24.93,10.66,31.97,21.97,9.56,10.36,6.13,36.35,10,17.18,11.9
10/22/2003 16:00:00,37.8,46.17,37.14,39.42,43.05,36.25,23.69,24.53,10.68,31.95,21.89,9.55,10.53,6.12,36.01,10.24,17.46,12.17
10/23/2003 16:00:00,37.6,45.2,36.74,39.1,42.2,35.5,22.31,23.98,10.65,31.52,21.61,9.57,10.51,5.91,34.8,10.26,17.33,11.9
10/24/2003 16:00:00,37.12,44.72,36.75,38.64,42.4,35,22.46,23.86,10.7,31.61,21.87,9.51,10.48,5.85,35.48,10.16,17.41,11.94
10/27/2003 16:00:00,37.81,44.54,36.56,39,42.36,35.1,22.55,23.56,10.8,31.81,21.92,9.51,10.47,5.97,37,10.2,17.61,11.95
10/28/2003 16:00:00,37.98,44.59,36.48,39,42.4,36.95,24.15,23.52,11.05,31.82,21.92,9.59,10.34,5.98,37.9,10.28,17.42,12.11
10/29/2003 16:00:00,38,44.36,36.69,38.78,41.9,37.2,25,23.52,10.99,31.72,20.99,9.54,10.29,6.1,37.45,10.3,17.14,12.04
10/30/2003 16:00:00,37.31,44.15,36.5,39.58,42.22,37.2,25.31,23.28,10.8,32.22,21.75,9.59,10.43,6.06,37.2,10.37,17.13,11.86
10/31/2003 16:00:00,36.45,44.38,36.5,38.7,41.97,36.95,25.38,23.1,10.66,31.7,21.65,9.5,10.28,6.01,37.9,10.4,16.99,11.96
11/3/2003 16:00:00,36.92,44.46,37.28,39.08,42.86,36.95,26.31,23.49,10.8,31.89,21.78,9.52,10.56,5.91,39.38,10.54,16.65,12.11
11/4/2003 16:00:00,36.52,44.5,36.89,39.2,42.7,37,25.58,23.08,10.63,32.01,21.75,9.7,10.62,6.03,40.5,10.58,17.04,11.85
11/5/2003 16:00:00,36.2,44.31,36.85,38.61,42.55,36.89,25.08,23.4,10.5,31.54,21.73,9.57,10.48,5.97,40.35,10.51,17.03,11.96
11/6/2003 16:00:00,35.9,44.57,36.78,38.72,42.25,36.7,25.04,23.35,10.65,31.76,21.95,9.55,10.43,5.95,38.3,10.6,17.11,12
11/7/2003 16:00:00,35.9,44.73,37.38,38.87,42.8,36.4,25.03,23.32,10.74,31.78,22.1,9.65,10.48,6.11,38.5,10.63,17.23,12.32
11/10/2003 16:00:00,35.6,44.42,37.12,39.1,42.75,36.3,24.69,23.32,10.78,32.02,22.12,9.74,10.38,5.97,39.29,10.59,17.24,12.02
11/11/2003 16:00:00,35.96,44.25,36.91,38.77,42.33,35.9,24.15,23.06,10.76,31.77,22.09,9.8,10.47,6,38,10.64,17.26,11.93
11/12/2003 16:00:00,36.1,44.67,37.08,38.77,42.18,35.6,23.73,23.15,10.86,32.03,21.8,9.73,10.47,6,37.75,10.68,17.19,11.89
11/13/2003 16:00:00,35.99,44.89,37.4,39.24,42.25,36.15,24.12,23.35,11.07,32.2,21.8,10.06,10.71,6.05,38,10.77,17.29,11.98
11/14/2003 16:00:00,36.35,45.04,37.25,39.65,42.75,36.95,24.27,23.81,11.65,32.76,21.8,9.9,10.75,6.12,38.6,11.2,17.32,12.03
11/17/2003 16:00:00,35.76,44.56,37,39.61,42.89,36.05,23.69,23.8,11.62,32.96,21.85,9.93,10.75,6.07,38.25,10.9,17.48,11.12
11/18/2003 16:00:00,35.55,44.38,36.9,39.33,42.5,36.75,23.69,23.45,11.58,32.84,21.86,9.89,10.66,6.08,38.5,10.87,17.45,11.9
11/19/2003 16:00:00,35.06,44.58,36.58,39.49,42.6,36.7,22.69,23.03,11.38,33.04,21.86,9.94,10.71,6.13,38.78,10.91,17.35,11.84
11/20/2003 16:00:00,35.25,44.41,35.99,38.98,42.46,35.98,22.42,23.17,11.5,32.81,21.75,9.9,10.65,6.21,37.82,11.01,17.29,11.63
11/21/2003 16:00:00,35.64,44.36,37.03,39.45,42.02,35.35,21.92,23.21,11.5,32.76,21.88,10,10.69,6.06,37.85,11.09,17.35,11.6
11/24/2003 16:00:00,35.48,44.85,36.95,39.56,42.89,35.33,22.31,23.13,11.38,32.92,21.52,10.08,10.49,6.09,37.8,11.1,17.25,11.58
11/25/2003 16:00:00,35.5,44.6,37.02,39.64,42.65,35.96,22.88,23.17,11.6,33.17,21.83,10.13,10.45,6.12,37.69,10.88,17.42,11.58
11/26/2003 16:00:00,35.9,45.05,37.35,40.03,42.84,36.15,22.96,23.38,11.7,33.6,21.97,10.07,10.49,6.08,38.03,10.93,17.56,11.63
11/28/2003 16:00:00,36.42,44.9,37.74,40.38,42.52,36.9,23.88,23.45,11.6,33.87,21.86,10.07,10.51,6.02,40.8,11.23,17.57,11.65
12/1/2003 16:00:00,36.46,45.57,37.7,40.95,43.08,38.6,25.19,23.37,11.44,34.54,21.93,10.12,10.59,6.3,41.5,11.15,17.62,11.72
12/2/2003 16:00:00,36.32,45.96,37.8,41.48,42.9,39.95,25.77,23.44,11.49,34.6,22.1,10.12,10.64,6.34,41.15,11.13,17.98,11.68
12/3/2003 16:00:00,36.45,46.23,38.05,41.92,43.22,41.2,26.23,23.93,11.42,34.82,22.4,10.1,10.7,6.31,42,11.24,18.16,11.75
12/4/2003 16:00:00,36.32,46.51,38.06,41.69,43.06,41.8,26.15,23.55,11.21,34.56,22.28,10.06,10.55,6.28,41.62,11.25,18.09,11.65
12/5/2003 16:00:00,37.13,46.45,38.8,41.51,43.55,41.65,25.85,24.07,11.13,34.62,22.77,10.2,11.19,6.26,42.05,11.5,18.66,11.8
12/8/2003 16:00:00,36.9,46.88,38.99,41.61,43.65,41.8,25.92,24.5,11.38,34.98,22.81,10.23,11.16,6.32,41.52,11.68,18.62,12.21
12/9/2003 16:00:00,37.7,47.5,39.67,42.96,45.33,45.2,28.54,24.95,11.55,35.55,22.46,10.34,11.22,6.42,44.5,11.59,18.62,12.32
12/10/2003 16:00:00,37.82,47.5,39.5,42.67,44.96,45.24,28.73,24.91,11.53,35.65,22.96,10.55,11.3,6.68,44.5,11.49,18.8,12.1
12/11/2003 16:00:00,37.97,48.17,39.42,42.53,45.22,45.2,28.35,25,11.58,35.58,22.96,10.39,11.2,6.66,45.05,11.28,18.62,12.5
12/12/2003 16:00:00,37.94,48.45,39.94,43.35,45.76,46.3,28.85,25.05,11.45,36.2,23.16,10.46,11.34,6.85,45.75,11.43,19.19,12.6
12/15/2003 16:00:00,37.91,47.94,40.13,43.5,46.1,44.75,26.92,25.48,11.4,36.48,23.28,10.58,11.37,6.81,42.1,11.46,19.26,12.74
12/16/2003 16:00:00,37.95,48.75,39.56,43.73,45.99,43.25,27.12,25.1,11.6,36.48,22.98,10.56,11.29,6.76,41.8,11.34,19.13,12.29
12/17/2003 16:00:00,38.63,49.75,40.6,44.03,46.7,43.99,26.92,25.13,11.92,36.7,23.16,10.6,11.4,6.76,41.39,11.35,19.29,12.35
12/18/2003 16:00:00,39.24,50.8,41.52,44.87,48.14,46.77,28.45,26.05,11.92,37.2,23.97,10.63,11.76,6.94,43.64,11.58,19.66,13.1
12/19/2003 16:00:00,39.49,50.83,41.83,45.05,48.47,49.01,29.46,26.62,12.08,37.56,24.36,10.96,11.74,7.08,43.85,11.88,19.89,13.57
12/22/2003 16:00:00,39.35,50.94,41.61,44.93,48.43,50,30.19,26.63,11.95,37.64,24.18,11.05,11.73,7.07,44.3,11.89,19.86,13.33
12/23/2003 16:00:00,39.25,50.8,41.68,44.5,47.9,51.5,30,27.25,12,37.12,24.19,11.13,11.6,7.21,44.15,12.11,19.89,13.35
12/24/2003 16:00:00,39.62,50.97,41.59,44.53,48.45,50.05,29.65,27.01,12,37.1,24.09,11.1,11.53,7.09,44,12.15,19.85,13.07
12/26/2003 16:00:00,39.81,51.18,41.93,44.93,48.46,50.1,30.27,27.48,12.1,37.66,24.38,11.13,11.69,7.15,44.25,12.28,20.15,13.17
12/29/2003 16:00:00,40.1,51.78,42.15,45.04,48.68,52,30.46,27.7,12.2,37.44,24.62,11.15,11.72,7.07,41.82,12.25,20.22,13.22
12/30/2003 16:00:00,40.58,52.24,42.73,45.5,48.95,55.25,32.44,27.8,12.35,37.98,24.68,11.15,11.8,7.29,40.45,12.45,20.46,13.14
12/31/2003 16:00:00,40.93,52.39,43.23,46.09,49.18,57.05,34.31,27.8,12.49,37.97,24.93,11.33,11.74,7.27,40.5,12.56,20.44,13.01